B_Age,B_Height,B_ID,B_Weight,Event_ID,Fight_ID,R_Age,R_Height,R_ID,R_Weight,winner
23,182,2783,84,802,6405,27,187,2246,84,red
32,175,2208,70,670,4786,29,182,2039,70,blue
38,172,721,70,729,5523,32,177,524,70,red
23,170,2825,56,790,6240,25,175,2166,56,blue
30,167,2260,61,785,6226,28,170,2150,61,red
38,180,1918,70,745,5655,30,180,2036,70,red
30,182,2507,70,765,5914,30,187,1096,70,red
27,177,2262,70,680,5004,30,180,2044,70,blue
34,177,1817,70,717,5370,31,177,1982,70,red
33,182,2080,77,766,5972,28,182,2228,77,blue
36,175,2041,65,763,5907,23,172,2570,65,red
27,177,2502,70,714,5320,27,177,2301,70,blue
30,182,2250,77,666,4881,32,180,2249,84,red
44,177,1001,84,679,4885,38,185,368,84,red
30,190,2608,93,800,6362,25,190,2076,93,blue
30,190,2234,109,744,5629,32,182,1850,118,blue
33,175,890,70,720,5359,34,175,778,70,blue
35,172,2219,61,660,4817,31,170,2220,61,red
36,167,2022,61,650,4666,30,170,1828,61,red
33,182,506,84,699,5110,41,187,235,84,no contest
30,170,2862,65,808,6529,31,172,1978,65,blue
34,177,1493,70,764,5903,36,177,407,77,red
33,177,2273,70,719,5351,25,177,2466,70,red
31,177,1982,70,676,4878,35,172,1948,70,blue
37,180,1781,84,651,4601,32,190,1294,84,red
46,180,129,84,749,5671,39,182,295,84,red
37,162,2196,56,649,4643,38,167,1170,61,red
24,177,2724,65,797,6363,27,182,2254,65,blue
27,177,2141,70,667,4738,35,172,1948,70,red
29,177,2771,70,771,6097,28,177,1919,70,red
32,160,2352,52,744,5667,24,165,2344,52,red
27,182,2263,77,761,5919,21,182,2628,70,blue
32,160,1904,61,790,6267,26,160,1966,61,red
31,180,2805,77,785,6235,29,180,2297,77,red
33,154,2348,52,697,5162,27,154,2340,52,red
28,175,2057,70,721,5354,31,167,1484,65,blue
26,180,2737,77,801,6409,28,177,2268,77,blue
28,170,2240,61,727,5497,25,160,2079,52,red
28,172,1719,61,684,4939,34,167,2017,61,red
31,182,2261,70,700,5243,30,187,1096,70,blue
26,177,2119,65,687,5025,29,172,1858,61,blue
29,190,2199,93,687,5024,37,185,1663,93,red
35,172,2219,61,720,5411,27,167,2354,61,blue
32,175,2208,70,712,5263,28,175,1595,70,red
22,180,2879,61,811,6520,35,170,2811,63,red
33,170,2165,61,671,4915,30,170,2189,61,blue
33,162,2152,56,764,5938,32,162,911,56,red
28,177,2374,84,696,5134,34,175,2027,84,red
28,172,1340,70,800,6357,28,175,2223,70,red
33,170,1051,61,785,6193,25,172,2369,61,red
31,177,1891,70,780,6114,29,177,2426,70,red
32,172,2185,70,650,4725,33,172,2184,70,red
29,190,2199,93,662,4702,37,185,2085,93,blue
31,162,2084,56,669,4809,30,160,1495,56,red
37,185,2085,93,811,6517,26,177,2828,93,blue
39,177,330,77,713,5274,32,182,1820,77,red
31,172,1791,65,681,4921,32,170,533,65,red
29,190,2779,77,775,6076,29,180,2297,77,red
30,177,2756,70,775,6074,28,175,2223,70,red
30,177,2222,70,766,5992,32,172,875,70,red
37,175,1061,70,729,5527,33,172,509,70,red
46,180,129,84,717,5369,36,182,435,84,blue
25,190,2167,84,699,5111,33,182,2087,84,red
27,185,2173,77,674,4862,26,182,2037,84,red
36,170,2332,56,688,5021,28,177,2274,56,blue
32,180,2316,70,743,5650,32,172,875,70,red
33,190,1499,93,693,5030,35,185,457,93,blue
35,182,2186,77,780,6124,41,182,870,77,blue
33,185,2205,93,674,4861,31,190,1742,93,red
34,200,1515,115,808,6523,32,190,2082,118,red
30,180,2230,65,732,5533,33,172,1864,65,red
27,182,2821,70,789,6218,35,177,648,70,red
33,185,1806,84,807,6508,41,187,235,84,red
35,193,969,120,683,4936,36,193,808,120,blue
33,185,2205,93,663,4737,35,187,1922,93,red
29,177,1481,70,753,5697,31,172,1675,70,blue
24,175,2157,70,646,4649,29,175,1983,70,red
28,198,2064,84,716,5386,39,182,653,84,red
26,160,1966,61,781,6144,26,175,1650,61,blue
34,185,2321,111,692,5042,30,190,2234,109,red
32,180,1272,77,755,5707,33,175,1066,77,red
27,167,1511,61,806,6455,29,165,2731,61,red
32,172,1980,65,670,4848,34,172,1054,65,red
29,170,2603,52,785,6250,31,162,2350,52,blue
32,167,2207,70,692,5041,30,190,1984,70,red
31,167,2339,52,784,6232,25,160,2079,52,red
32,182,1422,77,675,4835,28,180,2015,77,red
31,172,1978,65,651,4599,32,185,522,65,red
23,185,2765,93,790,6310,29,187,2367,93,blue
30,167,1907,65,689,5012,34,172,1054,65,red
29,180,2297,77,679,4967,26,182,2188,77,blue
30,165,2255,61,695,5084,30,172,2308,61,blue
37,172,2353,77,693,5062,28,187,2282,77,red
31,180,2582,70,739,5611,28,175,2223,70,red
37,167,959,61,646,4590,30,167,1527,65,red
30,157,2372,52,697,5163,31,167,2339,52,red
30,175,545,65,777,6055,30,167,1527,65,blue
34,182,1594,84,667,4739,36,185,419,93,red
33,187,2736,120,763,5924,34,182,2083,112,red
39,193,306,120,724,5555,37,193,1431,119,red
29,182,2104,77,771,6039,30,180,2508,77,red
30,177,942,77,688,4975,27,182,1176,77,red
29,177,2053,77,698,5149,29,185,2269,77,red
29,180,2469,77,713,5273,30,177,2288,70,red
28,162,2277,52,776,6038,29,167,2280,52,red
30,175,2812,70,791,6261,26,182,2575,70,blue
30,172,2371,56,773,6100,27,177,2296,56,red
34,180,2160,77,666,4775,36,180,651,77,blue
35,167,451,65,778,6081,30,170,1052,65,red
29,182,2587,77,796,6353,26,180,2247,77,blue
32,167,2010,56,720,5477,30,162,2299,56,red
39,182,1866,84,661,4721,29,185,1546,84,blue
34,187,2051,84,727,5522,35,180,1452,84,red
34,167,2748,61,816,6626,27,170,2177,61,red
33,175,890,70,759,5787,30,177,1069,65,blue
25,180,2172,77,744,5648,35,182,2291,77,blue
35,162,2182,61,797,6432,24,172,2359,61,red
26,182,2780,93,798,6307,32,187,2794,93,blue
29,177,1875,77,729,5528,32,182,1422,77,red
36,172,2356,61,721,5466,25,172,2369,61,red
31,177,2171,77,680,5002,32,190,2020,77,red
36,182,432,77,800,6429,33,185,1076,77,red
28,175,2529,70,795,6343,24,175,2157,70,red
27,180,2377,70,739,5577,32,175,520,70,blue
34,180,2160,77,749,5677,33,182,2080,77,red
36,175,2041,65,652,4609,32,167,2010,56,no contest
33,185,1806,84,677,4933,30,180,1783,77,blue
36,193,808,120,646,4580,37,190,377,119,blue
25,180,2172,77,754,5830,30,180,1783,77,blue
36,195,2215,118,714,5318,34,182,2083,112,blue
35,180,1452,84,761,5928,34,182,1594,84,red
34,170,1179,61,680,4999,28,177,1755,65,blue
33,187,516,93,660,4719,32,187,1189,93,blue
33,172,509,70,787,6223,32,177,524,70,blue
25,175,2070,84,810,6473,39,182,295,84,blue
34,180,2819,70,808,6465,32,180,2316,70,red
33,170,1051,61,801,6419,32,170,961,61,red
37,182,2800,70,792,6324,32,180,2707,70,red
27,170,2177,61,676,4911,34,167,1999,61,blue
27,177,1531,65,813,6555,30,177,2042,70,blue
26,182,2188,77,655,4731,32,180,2187,77,blue
28,165,2880,56,813,6605,28,165,2823,56,blue
24,182,2544,77,725,5431,33,177,2319,77,blue
36,190,1810,84,693,5061,29,185,1926,84,red
29,175,2295,77,679,4963,27,180,2179,70,red
30,162,2299,56,772,5991,30,160,1495,56,red
33,182,2087,84,808,6464,27,182,2831,84,blue
34,165,1034,61,746,5785,27,167,2354,61,red
25,170,2325,61,721,5482,38,167,1170,61,blue
32,180,2509,77,783,6163,30,182,668,77,red
36,185,2732,109,764,5902,32,190,2082,118,red
37,170,1367,70,683,4945,29,175,1983,70,red
27,185,2122,84,745,5632,28,190,2302,84,blue
28,172,1340,70,720,5412,31,175,542,70,red
26,180,2247,77,666,4880,27,182,2248,77,blue
31,177,1891,70,712,5265,29,185,1985,70,red
32,180,2509,77,725,5433,30,180,2508,77,blue
32,175,2208,70,677,4950,28,180,1814,70,blue
28,190,2364,84,816,6546,26,182,2780,93,red
25,175,2166,56,721,5514,37,162,2196,56,blue
30,172,2314,70,713,5276,27,177,2001,70,red
30,170,2781,61,800,6415,32,165,1935,61,blue
32,180,2316,70,688,5017,31,180,2243,70,blue
34,175,2221,61,676,4837,30,180,2138,61,blue
38,175,1997,70,759,5836,32,172,875,70,blue
37,185,2009,93,793,6270,33,190,1499,93,blue
39,190,328,113,783,6156,38,193,367,109,blue
34,180,2151,77,648,4594,35,177,2131,77,red
25,180,2172,77,793,6280,25,182,2329,77,red
35,190,1883,84,647,4603,37,185,896,84,red
25,180,1936,65,706,5371,33,172,1050,65,blue
39,177,330,77,700,5177,31,175,965,77,red
31,172,1976,70,667,4763,28,177,1092,70,blue
30,167,2309,61,810,6562,32,167,1044,61,blue
35,180,2195,93,731,5502,33,182,2087,84,red
30,175,545,65,652,4604,32,177,1486,65,blue
29,185,1985,70,758,5763,33,172,509,70,blue
27,162,2589,61,784,6207,37,167,959,61,blue
31,177,2097,70,647,4625,38,175,1997,70,red
29,175,2130,77,721,5465,37,185,379,77,blue
31,185,2746,70,780,6123,31,172,1675,70,red
32,185,1991,84,732,5503,32,180,1272,77,red
27,177,2168,70,810,6474,31,180,1657,70,red
35,180,471,77,690,5056,33,175,947,84,blue
28,167,2542,52,745,5704,29,157,2342,52,red
31,165,1380,61,711,5325,32,167,1839,61,red
31,162,2084,56,744,5666,32,162,911,56,red
32,182,1850,118,655,4671,38,190,1163,120,red
35,177,648,70,676,4877,31,180,1657,70,red
33,175,501,70,649,4521,30,177,1711,70,red
35,187,2709,77,774,6069,32,180,2707,70,red
30,170,2164,65,685,4981,36,175,1706,61,red
29,180,2611,84,765,5918,34,175,2027,84,blue
29,180,2333,77,791,6260,25,180,2588,77,red
31,187,1331,77,701,5191,33,175,1066,77,red
27,182,2248,77,753,5695,32,180,1543,77,red
29,175,2727,70,756,5897,27,185,2728,65,red
27,185,2122,84,672,4793,34,190,1938,84,red
36,190,1810,84,732,5594,35,185,445,84,blue
35,175,2169,65,655,4673,30,180,2044,70,blue
29,172,1858,61,739,5613,37,170,1060,61,blue
38,170,750,65,665,4751,35,170,459,65,red
30,172,2308,61,717,5402,30,167,2309,61,blue
32,170,533,65,776,6121,25,177,2198,65,red
33,172,2184,70,666,4792,30,180,2093,70,red
26,193,2740,84,792,6364,30,187,2264,84,red
33,170,2293,61,712,5269,33,167,1618,61,red
29,182,2206,77,806,6488,26,182,2855,77,blue
28,165,2824,70,797,6369,27,170,2626,70,blue
35,182,2291,77,766,5965,29,175,2295,77,blue
37,162,2196,56,773,6065,26,165,2103,56,red
36,177,407,77,739,5609,37,180,405,77,red
29,190,2047,77,802,6398,33,175,947,84,blue
26,193,2764,120,790,6305,28,190,2770,111,blue
35,185,449,84,763,5929,31,187,786,84,red
29,177,2774,70,777,6057,33,172,2013,70,red
25,175,2166,56,694,5079,33,167,2125,56,blue
36,167,2304,61,681,4991,28,167,2303,56,blue
30,167,2099,61,729,5456,30,167,1317,61,red
32,172,1184,61,668,4806,27,172,1979,61,blue
27,175,2797,70,779,6142,35,167,2074,70,red
25,170,2655,65,768,6000,27,185,2728,65,blue
34,182,1992,77,758,5766,29,182,2104,77,blue
33,190,2252,84,668,4805,36,187,1694,93,red
35,165,438,61,796,6332,38,170,1860,61,red
30,167,2099,61,650,4667,32,167,1839,61,red
29,213,649,120,695,5054,36,193,808,120,red
36,170,1401,61,677,4856,33,165,2133,61,red
27,162,2589,61,749,5760,30,167,2191,61,blue
31,172,1976,70,697,5096,34,177,1493,70,no contest
27,167,2583,61,731,5573,31,167,1056,56,blue
28,175,2843,61,813,6533,28,175,2785,61,red
38,190,1163,120,759,5788,34,200,1515,115,red
35,170,2811,63,791,6251,31,172,1194,63,red
36,182,435,84,794,6318,34,182,1594,84,blue
37,180,1781,84,716,5373,31,187,786,84,red
38,177,1296,77,758,5769,29,185,2656,77,red
29,177,2053,77,764,5904,41,182,870,77,red
26,162,2253,56,674,4889,33,167,2125,56,red
26,177,2586,77,771,6040,26,190,2739,77,blue
35,177,648,70,756,5716,32,177,524,70,blue
29,177,2192,61,703,5201,31,170,2183,61,red
37,167,2357,61,724,5596,34,167,1999,61,blue
30,193,2659,113,806,6476,38,193,367,109,blue
27,170,2054,61,695,5101,30,162,2299,56,red
27,154,2340,52,771,5986,24,165,2344,52,red
35,185,2227,77,768,5960,32,182,1820,77,blue
27,193,2323,77,727,5492,35,182,2291,77,red
33,187,502,77,759,5832,37,180,405,77,red
27,167,1511,61,778,6099,34,167,2017,61,blue
27,177,2168,70,651,4613,36,177,1478,70,blue
29,170,2259,65,685,4971,29,170,1993,65,red
35,172,1689,61,664,4761,33,170,1051,61,red
36,177,407,77,810,6538,35,167,2074,70,red
31,160,2678,52,782,6162,24,165,2344,52,blue
46,180,129,84,662,4691,35,185,457,93,blue
32,172,875,70,681,4935,37,172,374,65,blue
31,167,1056,56,668,4826,34,165,1034,61,red
31,190,2753,113,769,5994,32,190,2425,120,red
33,177,514,70,700,5242,33,180,1815,70,red
36,187,1694,93,706,5357,33,190,1499,93,red
28,177,1919,70,661,4635,32,175,532,70,blue
27,170,2705,65,746,5866,26,177,2704,65,blue
28,172,1719,61,738,5550,36,167,2022,61,blue
32,180,525,77,763,5892,25,190,2510,77,red
27,167,1511,61,744,5640,30,167,2099,61,blue
36,182,432,77,704,5245,33,175,947,84,red
27,182,2159,70,682,4901,27,177,2168,70,red
37,182,372,84,750,5702,33,187,507,93,blue
27,182,2263,77,711,5323,30,177,2222,70,red
30,175,2421,65,702,5168,26,172,2213,65,red
38,175,1997,70,664,4764,29,185,1985,70,red
31,187,2761,112,803,6433,32,187,2767,114,blue
36,182,2174,77,685,4949,36,185,2100,77,blue
24,177,2795,65,792,6352,27,170,2705,65,red
30,180,2230,65,813,6607,28,180,1974,65,red
33,172,1050,65,692,5072,35,167,451,65,red
27,170,2177,61,806,6501,34,165,1039,61,red
29,177,2422,65,761,5860,28,177,1755,65,red
25,162,2306,52,779,6131,32,162,2343,52,red
34,193,1161,111,669,4832,38,193,367,109,red
23,180,2786,84,786,6195,36,190,1810,84,red
32,175,2208,70,761,5853,28,175,2223,70,blue
36,195,2215,118,799,6378,30,193,2659,113,red
34,182,1944,77,732,5485,31,175,965,77,blue
31,167,1484,65,687,4974,30,170,1052,65,red
26,175,2211,61,671,4866,28,170,2240,61,red
39,182,1866,84,731,5500,38,185,346,84,blue
40,182,1015,119,816,6602,28,200,2492,113,red
28,175,2529,70,753,5711,31,177,1982,70,blue
34,167,2748,61,803,6484,36,167,2304,61,blue
30,190,1984,70,718,5338,22,175,2258,70,blue
29,177,1481,70,697,5085,31,177,1982,70,blue
32,180,1272,77,782,6181,32,172,875,70,blue
36,170,2332,56,772,6064,23,167,2118,56,red
32,177,2361,65,689,5129,28,172,2360,65,red
35,167,2074,70,746,5706,31,182,2261,70,blue
34,175,1386,77,653,4650,32,187,663,77,blue
35,203,2194,115,661,4735,32,190,2082,118,red
30,170,1970,56,798,6444,30,160,1495,56,red
34,177,1817,70,651,4614,28,180,1814,70,red
29,190,2072,84,670,4829,30,187,2061,93,red
31,182,2241,84,673,4865,35,187,2218,84,red
33,180,1815,70,792,6247,32,175,532,70,blue
35,177,2131,77,701,5192,29,190,2047,77,red
34,175,1386,77,669,4808,27,182,1176,77,red
31,162,1913,61,694,5053,30,170,2189,61,blue
33,180,1815,70,727,5419,38,177,356,70,blue
28,177,2373,65,811,6530,23,172,2570,65,red
25,160,2792,52,776,6199,26,165,2791,52,red
38,180,1409,93,691,4906,29,193,549,93,red
35,165,438,61,727,5493,34,165,1034,61,blue
36,170,1401,61,713,5292,28,172,1719,61,red
34,193,1852,109,695,5067,33,193,535,108,red
26,172,2154,65,770,6048,27,180,2375,65,red
39,182,1866,84,794,6337,32,187,1769,84,blue
32,187,663,77,787,6228,39,185,326,77,red
34,167,1882,61,733,5574,28,177,2274,56,red
27,177,2296,56,807,6481,32,162,2095,56,red
27,170,2054,61,663,4743,35,180,454,61,red
26,172,2238,65,717,5481,32,170,533,65,blue
32,182,2802,70,787,6230,30,182,2507,70,blue
34,167,1999,61,652,4584,30,175,2088,61,blue
30,180,1916,65,662,4712,33,170,1994,65,red
32,165,1091,56,675,4841,38,167,1170,61,blue
26,165,2210,61,791,6258,32,167,1044,61,red
29,172,2266,61,770,6066,26,160,1966,61,red
27,175,2797,70,806,6449,27,187,2815,70,red
27,165,2235,61,679,4968,30,167,2260,61,blue
34,187,2300,93,783,6182,30,195,1139,93,red
34,180,2730,70,756,5898,30,172,1622,70,red
35,180,471,77,653,4628,33,175,947,84,red
27,190,2281,93,770,6049,35,185,457,93,red
29,167,2091,56,667,4745,26,165,2103,56,red
29,170,2603,52,733,5515,31,167,2339,52,red
30,190,2234,109,672,4824,26,190,2233,109,blue
29,165,2731,61,779,6130,35,172,2317,65,blue
39,182,295,84,770,5981,37,185,896,84,red
24,177,2822,70,799,6407,27,180,2377,70,blue
33,172,2265,56,698,5122,28,177,2274,56,red
36,182,435,84,660,4717,32,190,1294,84,red
29,180,2370,84,712,5290,34,182,1827,84,red
26,172,2292,70,726,5443,32,167,2207,70,red
34,170,2256,56,739,5612,25,170,2465,52,blue
34,175,778,70,690,5047,30,177,1069,65,red
32,177,2726,65,798,6306,37,172,374,65,blue
30,177,2288,70,678,4875,28,180,2129,77,blue
36,167,2347,52,773,6093,31,160,2678,52,red
29,180,2297,77,693,5063,30,182,2250,77,blue
31,170,2310,77,679,4965,35,182,2186,77,red
33,172,1864,65,647,4669,29,172,1858,61,red
27,177,2262,70,749,5674,33,180,1871,70,blue
35,190,2803,84,799,6384,31,182,2272,84,blue
26,167,2859,56,806,6503,26,165,2858,56,red
26,177,2429,70,781,6106,33,175,2558,70,red
28,180,2778,77,780,6122,35,182,2291,77,red
27,167,2354,61,769,6030,30,165,2255,61,blue
32,180,2316,70,777,6062,36,177,407,77,blue
25,170,2465,52,714,5348,31,167,2339,52,blue
29,175,2121,84,688,4995,28,185,2224,84,red
28,175,2057,70,753,5689,30,170,1052,65,blue
41,187,235,84,778,6202,38,180,1409,93,red
40,180,2226,77,674,4863,29,177,2229,77,blue
34,175,2123,65,682,4900,31,180,2214,65,red
38,185,368,84,763,5874,41,187,235,84,blue
30,172,2574,70,743,5620,28,172,2573,70,red
34,180,2366,104,756,5890,37,187,375,109,red
35,177,648,70,733,5517,32,172,875,70,blue
27,177,1531,65,739,5564,25,180,1936,65,red
37,193,1431,119,752,5682,43,177,735,120,red
27,165,2134,56,704,5241,23,167,2118,56,blue
28,180,2129,77,758,5768,30,182,2107,77,red
34,182,1594,84,719,5376,32,182,2069,84,blue
30,182,2747,84,774,6051,35,180,1452,84,draw
27,177,2296,56,696,5137,33,170,2165,61,red
24,175,2157,70,701,5194,35,167,2074,70,blue
27,185,2173,77,696,5133,32,182,1820,77,red
33,187,1952,77,802,6396,29,180,2469,77,no contest
23,162,2217,56,802,6457,25,175,2166,56,blue
33,175,2128,65,745,5758,32,177,1486,65,red
28,182,2228,77,700,5185,35,182,2291,77,red
32,172,1980,65,771,5989,33,172,1050,65,red
37,182,2800,70,786,6214,28,175,2734,70,red
37,182,387,84,771,5984,37,187,1968,93,red
30,167,2309,61,792,6417,30,172,2358,61,blue
31,172,2190,65,766,6019,27,182,2254,65,red
30,175,2330,65,686,4978,38,170,366,65,red
34,182,1827,84,698,5117,32,182,2069,84,red
24,180,2807,65,810,6525,33,170,1994,65,blue
30,187,2061,93,724,5595,38,185,2245,84,red
36,195,2799,120,796,6330,23,187,2658,110,red
32,160,2352,52,804,6511,25,160,2079,52,red
30,172,2023,70,800,6358,31,180,2243,70,blue
32,182,2069,84,795,6304,31,187,786,84,red
33,185,1806,84,699,5197,36,185,419,93,blue
30,182,668,77,752,5685,37,185,1549,77,red
33,175,2558,70,801,6394,32,172,2773,70,red
34,182,1944,77,809,6497,34,175,1386,77,red
32,172,1184,61,777,6079,27,170,2177,61,blue
35,185,2227,77,724,5557,26,180,2247,77,red
30,177,2042,70,776,6170,32,172,875,70,blue
31,165,2328,52,803,6486,31,170,2710,52,blue
37,165,2462,56,782,6209,27,165,2134,56,red
27,182,1176,77,721,5355,35,180,471,77,red
33,182,2087,84,778,6084,31,187,786,84,red
33,175,2558,70,738,5549,29,175,2378,70,blue
35,203,2194,115,681,4896,32,182,1850,118,red
32,177,524,70,778,6085,35,177,461,70,blue
25,175,2070,84,689,5010,31,175,965,77,blue
29,170,1906,65,675,4840,28,175,2057,70,red
25,177,2466,70,789,6279,29,177,2313,70,blue
39,187,2197,112,667,4742,39,193,306,120,red
26,185,2204,77,813,6561,29,182,2587,77,red
29,175,2289,65,678,4941,34,177,2287,70,blue
27,185,2242,65,672,4694,34,175,2123,65,blue
29,185,1926,84,732,5593,29,190,2066,84,red
31,175,2073,70,775,6073,31,180,2243,70,red
31,175,2073,70,746,5642,31,175,542,70,blue
30,193,546,84,790,6242,37,182,372,84,red
33,177,514,70,698,5118,30,180,2036,70,blue
41,177,1953,77,694,5038,40,180,2226,77,blue
38,193,367,109,719,5346,34,200,1515,115,blue
32,160,2352,52,720,5360,27,154,2340,52,red
25,180,2588,77,811,6513,25,182,2329,77,red
25,175,2784,70,781,6132,33,180,1815,70,red
33,177,2060,93,783,6157,33,187,503,93,red
30,180,2036,70,662,4710,37,182,2078,70,draw
26,165,2610,56,738,5618,23,162,2217,56,red
29,177,2192,61,684,4988,35,165,438,61,red
29,175,2130,77,653,4648,29,177,2053,77,blue
30,180,2826,77,790,6244,36,177,407,77,blue
30,187,1550,84,797,6320,39,182,2324,84,red
29,167,2280,52,695,5108,28,162,2277,52,blue
30,177,942,77,802,6399,35,187,455,77,red
26,177,2119,65,713,5293,29,170,1993,65,red
33,162,2016,56,675,4844,37,162,2196,56,red
36,175,2041,65,727,5521,31,172,1978,65,red
27,190,2281,93,811,6519,37,185,2009,93,red
24,180,2312,65,682,4922,25,180,1936,65,red
28,190,2302,84,811,6516,27,185,2030,84,red
30,172,2308,61,749,5756,25,170,2325,61,red
32,165,2577,61,724,5598,34,170,2571,61,red
37,172,2276,61,732,5513,30,170,2164,65,blue
33,167,2007,56,719,5347,32,162,911,56,red
38,175,1997,70,739,5610,30,177,2222,70,blue
33,162,2178,61,663,4697,32,165,1935,61,red
27,162,2589,61,733,5575,31,162,1913,61,blue
28,177,1755,65,673,4868,37,167,959,61,red
33,187,502,77,803,6423,32,180,1543,77,blue
35,180,1452,84,758,5765,27,187,2246,84,no contest
29,177,2313,70,773,6022,30,172,2023,70,red
30,180,2239,70,668,4838,32,180,2019,70,red
33,187,2827,109,795,6344,28,193,2788,109,red
26,0,2875,111,809,6494,33,187,2827,109,red
28,175,2529,70,726,5469,29,175,2089,70,blue
34,175,2221,61,689,5081,30,167,2099,61,red
38,185,346,84,673,4703,32,187,1769,84,red
30,167,1527,65,729,5454,31,167,1905,61,red
28,180,2778,77,789,6234,32,185,2334,77,blue
32,177,2762,70,766,6046,33,180,2101,70,red
26,165,2610,56,756,5891,25,167,2311,56,blue
35,187,2218,84,661,4723,29,185,1926,84,red
32,190,2425,120,811,6521,34,182,2083,112,blue
31,175,542,70,685,4946,37,182,2078,70,red
26,160,1966,61,699,5174,32,165,1091,56,blue
32,182,1422,77,667,4749,33,180,1871,70,blue
27,175,2271,65,671,4916,34,177,915,70,red
25,172,2335,65,764,5937,32,175,2193,65,blue
29,190,2047,77,687,5028,25,180,2077,77,blue
39,182,2324,84,809,6563,37,182,387,84,blue
30,193,546,84,750,5703,29,190,2066,84,blue
30,175,2202,65,750,5734,32,185,522,65,no contest
32,190,2200,77,666,4819,39,185,326,77,red
28,177,1755,65,774,6101,32,185,522,65,blue
37,193,1431,119,791,6254,40,182,1015,119,red
32,170,961,61,779,6140,36,167,2304,61,blue
39,193,308,104,720,5353,34,185,497,109,blue
28,167,2345,52,804,6505,27,154,2340,52,red
32,172,2185,70,688,5014,30,177,2222,70,red
26,190,2233,109,744,5649,32,190,2082,118,red
30,190,1984,70,804,6452,33,172,2013,70,blue
38,177,1296,77,816,6592,32,182,1422,77,red
39,182,295,84,719,5344,32,187,1769,84,red
36,172,1078,77,756,5717,33,185,2055,77,red
33,175,2145,70,783,6211,32,167,2207,70,red
30,162,2299,56,704,5240,35,160,1253,56,blue
36,177,1478,70,660,4774,37,175,1061,70,red
25,175,2070,84,746,5641,29,190,2047,77,red
24,175,2157,70,772,6014,31,175,542,70,blue
28,182,2216,65,676,4919,28,182,2048,65,red
28,185,2789,84,816,6547,28,193,1843,84,red
36,193,808,120,750,5713,33,193,535,108,blue
28,177,2373,65,763,5875,29,170,2035,65,blue
38,193,367,109,773,6020,36,193,808,120,red
32,172,1184,61,729,5530,32,170,961,61,blue
29,185,2604,70,733,5561,29,180,2503,70,red
29,190,2047,77,724,5556,39,185,326,77,red
29,185,637,77,655,4670,35,187,455,77,red
30,162,2881,52,813,6606,29,162,2870,52,red
33,187,1952,77,700,5252,28,187,2282,77,blue
28,180,1851,77,668,4780,37,182,1454,77,blue
31,185,2746,70,759,5862,29,177,2313,70,red
27,152,2808,52,797,6422,30,157,2372,52,blue
28,193,1843,84,798,6308,30,182,2747,84,blue
23,182,2783,84,785,6191,32,190,2766,84,blue
29,190,2779,77,797,6347,28,182,2228,77,blue
34,177,1910,61,685,4961,32,167,1044,61,red
36,182,435,84,807,6496,37,185,896,84,red
30,180,2093,70,739,5578,30,182,2507,70,red
30,182,2747,84,759,5894,37,185,2085,93,red
26,165,2210,61,669,4795,33,175,1912,61,blue
29,182,2104,77,717,5410,36,182,1209,77,blue
30,185,2849,93,799,6380,31,190,1742,93,red
31,160,1347,52,801,6371,22,162,2305,52,blue
26,165,2210,61,754,5871,30,167,2309,61,blue
43,177,735,120,809,6487,36,193,808,120,red
33,167,2007,56,668,4788,32,160,1904,61,red
28,182,2209,77,672,4790,30,182,668,77,red
29,185,1985,70,771,5987,27,177,2168,70,blue
34,165,2341,52,726,5480,29,167,2280,52,red
27,177,1531,65,792,6372,34,172,1054,65,red
38,185,368,84,774,6035,32,190,1294,84,blue
33,175,515,65,807,6491,27,182,2821,70,red
28,180,2778,77,807,6472,26,190,2739,77,blue
30,170,2147,61,679,4969,26,165,2298,56,blue
28,180,1596,77,650,4646,41,182,870,77,red
35,172,941,65,664,4768,33,180,1815,70,red
28,175,2785,61,794,6319,33,167,1618,61,red
24,180,2312,65,720,5414,28,172,2360,65,red
34,187,2300,93,769,5977,38,182,966,93,blue
33,177,2060,93,768,6001,31,190,1742,93,blue
30,177,2701,77,778,6086,21,182,2628,70,red
34,167,2017,61,700,5103,30,170,1828,61,red
31,180,2585,70,776,6116,28,172,2573,70,red
31,165,2328,52,754,5849,28,165,2697,52,red
29,170,2603,52,796,6338,28,162,2277,52,red
29,190,2199,93,733,5562,33,177,2060,93,red
35,170,459,65,774,6102,26,172,2238,65,red
32,172,1980,65,696,5136,32,177,1486,65,blue
31,180,2214,65,683,4918,27,175,2153,65,blue
32,167,2010,56,740,5654,26,165,2103,56,red
33,185,2055,77,665,4753,34,170,646,77,blue
25,162,2306,52,718,5341,38,160,2346,52,red
33,180,2337,93,798,6401,23,185,2765,93,blue
34,165,1034,61,662,4715,31,165,2011,56,red
25,190,2510,77,745,5633,29,185,2269,77,blue
23,152,2835,52,800,6359,34,170,2256,56,blue
31,177,2171,77,647,4683,32,182,1820,77,red
33,180,1815,70,756,5715,31,180,1657,70,blue
32,167,2010,56,664,4747,29,180,2136,61,red
33,182,197,70,661,4722,32,180,1272,77,red
25,187,2750,77,784,6205,38,185,2796,77,blue
34,180,2819,70,787,6238,24,180,2807,65,red
31,187,786,84,813,6522,32,187,1769,84,blue
33,182,467,93,729,5524,31,190,1742,93,blue
32,162,2095,56,647,4660,36,175,1706,61,red
30,190,1984,70,772,6006,26,182,2575,70,blue
24,177,2822,70,793,6301,26,172,2292,70,blue
33,175,2128,65,653,4692,31,170,1932,65,blue
31,175,2073,70,685,4972,38,175,1997,70,red
36,182,435,84,699,5153,35,185,449,84,red
28,187,2856,93,806,6498,27,190,2768,93,blue
34,165,1039,61,778,6134,31,167,1905,61,red
36,167,2347,52,792,6266,23,165,2814,52,red
34,185,2321,111,704,5288,30,187,2105,120,red
38,172,1824,70,660,4740,38,172,721,70,red
27,185,2030,84,718,5340,37,185,2062,84,blue
29,175,1983,70,712,5264,32,180,1272,77,blue
24,162,2578,56,749,5823,0,167,2572,61,blue
37,185,2009,93,743,5602,33,187,516,93,red
29,180,2333,77,689,5080,33,177,878,77,blue
30,187,2264,84,681,4902,34,185,2005,84,red
28,175,2785,61,781,6194,33,170,2293,61,blue
29,177,2290,84,763,5921,28,190,2302,84,red
33,172,509,70,807,6482,28,175,1595,70,red
31,172,1978,65,789,6220,28,172,2360,65,red
35,182,2291,77,811,6558,28,180,2015,77,red
26,177,2429,70,721,5509,32,172,2185,70,blue
30,177,1683,70,678,4870,38,177,356,70,blue
37,187,1968,93,785,6188,33,187,516,93,red
24,165,2848,52,799,6382,35,165,2279,52,red
30,177,2232,61,690,5095,23,167,2118,56,red
34,182,485,84,711,5259,37,180,405,77,red
29,167,2280,52,704,5246,29,154,2338,52,blue
34,180,2160,77,686,4993,29,185,2269,77,red
29,175,2089,70,749,5802,29,180,2469,77,red
27,177,2502,70,791,6263,33,180,2101,70,red
28,180,1974,65,691,5114,33,185,1076,77,red
32,175,520,70,704,5249,32,172,875,70,red
30,154,2278,61,680,4924,30,167,1317,61,red
24,170,2126,61,653,4655,30,175,1143,56,blue
33,182,2579,77,731,5570,29,180,2469,77,red
37,167,2357,61,689,5124,36,172,2356,61,red
27,165,2235,61,795,6376,39,167,2376,61,red
43,177,735,120,718,5335,34,193,1852,109,red
30,175,2202,65,665,4759,28,175,2201,65,blue
33,177,1655,77,789,6233,38,180,347,77,red
36,175,2041,65,714,5424,27,172,2504,61,blue
29,175,2289,65,743,5646,24,180,2312,65,blue
33,195,2106,113,790,6241,35,190,2424,106,red
38,180,1409,93,719,5343,33,187,516,93,blue
24,177,2724,65,779,6151,30,175,2202,65,blue
28,200,2492,113,795,6345,32,190,2425,120,blue
28,172,2430,65,761,5925,28,180,2315,65,draw
27,190,2281,93,743,5630,34,187,2300,93,blue
26,172,2238,65,678,4895,30,180,2230,65,no contest
32,180,525,77,781,6109,37,185,1549,77,blue
28,177,1755,65,717,5449,35,172,1689,61,red
34,172,1054,65,646,4589,30,170,1052,65,red
31,170,2220,61,702,5171,37,162,2196,56,red
28,175,2057,70,794,6335,33,175,890,70,blue
32,167,1839,61,673,4815,30,170,1828,61,red
33,177,1655,77,662,4716,29,177,2000,77,blue
32,162,2135,56,719,5365,24,170,2126,61,red
32,160,1904,61,743,5601,30,160,1495,56,red
29,193,2834,93,809,6560,25,190,2840,93,red
31,172,2190,65,666,4791,32,182,2092,65,red
25,175,2166,56,651,4664,30,165,2142,56,blue
33,182,1989,84,768,6015,38,185,2245,84,red
36,195,2799,120,783,6213,33,187,2736,120,draw
35,177,2028,70,652,4640,31,172,1976,70,red
37,185,2085,93,773,6092,25,190,2076,93,red
29,162,2870,52,809,6575,25,160,2792,52,blue
27,182,1867,77,682,4899,41,182,870,77,blue
27,177,2502,70,795,6323,32,172,875,70,blue
29,177,1481,70,770,6041,38,175,1997,70,red
22,170,2320,61,685,4954,25,160,2079,52,red
28,185,2775,84,783,6158,28,190,2302,84,blue
24,172,2359,61,811,6512,38,167,1170,61,blue
28,165,2823,56,797,6374,26,165,2298,56,blue
25,175,2484,70,792,6290,35,177,461,70,red
30,177,2738,61,789,6221,26,172,2355,61,red
24,170,2126,61,764,5939,23,162,2217,56,blue
29,172,2854,70,803,6425,29,182,2841,70,blue
36,167,2304,61,703,5200,36,175,1706,61,blue
30,185,2782,84,791,6298,33,182,2087,84,blue
29,177,2053,77,685,4948,36,180,651,77,blue
31,172,1791,65,712,5289,35,170,459,65,red
37,172,2276,61,688,5018,30,167,2191,61,no contest
32,190,1294,84,753,5690,32,187,1769,84,blue
29,190,2066,84,690,5065,33,182,2286,84,blue
43,177,735,120,689,4980,39,193,308,104,red
32,185,2623,93,739,5616,30,190,2608,93,red
34,177,1463,77,732,5591,29,182,2587,77,red
31,175,965,77,782,6153,36,182,432,77,blue
35,172,460,70,687,5029,33,180,1871,70,red
32,182,2365,77,801,6395,28,182,2754,84,blue
33,162,2152,56,719,5352,32,160,1904,61,red
29,180,2469,77,765,5931,33,185,1076,77,red
30,187,2156,77,679,4964,31,182,2180,77,red
28,182,2216,65,803,6424,27,182,2159,70,red
31,172,2757,61,765,5909,33,170,2293,61,red
30,180,2230,65,663,4708,35,172,452,70,red
26,193,2764,120,804,6459,29,190,2763,104,no contest
27,185,2790,93,776,6200,28,185,2789,84,red
28,182,2048,65,687,5045,32,177,1486,65,red
29,177,1481,70,660,4729,33,172,509,70,red
26,177,2119,65,790,6249,32,172,1980,65,blue
39,182,1866,84,684,4892,37,180,1403,84,blue
33,175,511,70,794,6328,33,172,509,70,red
28,172,1340,70,695,5043,32,172,530,70,blue
27,182,2755,84,806,6502,30,185,2782,84,red
33,175,1066,77,698,5116,33,185,1076,77,red
23,167,2118,56,668,4789,36,175,2041,65,blue
41,177,1953,77,711,5280,35,185,2227,77,red
30,182,2124,77,670,4754,25,175,2070,84,red
29,180,2698,77,752,5792,28,177,2268,77,red
30,187,2264,84,694,5037,37,185,2062,84,blue
26,177,2704,65,786,6215,25,170,2655,65,red
31,177,1891,70,664,4762,29,175,1983,70,blue
30,165,2142,56,676,4850,26,160,1966,61,red
29,185,2269,77,720,5361,32,185,2334,77,blue
36,190,1810,84,665,4752,35,185,449,84,red
29,175,2018,61,680,5003,26,165,2210,61,blue
34,167,2748,61,765,5908,25,172,2369,61,red
37,180,1403,84,663,4700,38,185,368,84,blue
40,187,797,93,796,6329,33,187,503,93,red
20,180,2836,70,792,6418,23,172,2837,70,red
28,182,2754,84,782,6148,26,177,2586,77,draw
30,167,2260,61,669,4839,34,170,2256,56,red
27,180,2179,70,655,4701,31,182,2180,77,blue
27,177,2168,70,687,5027,32,175,2208,70,blue
31,162,2350,52,697,5172,34,165,2341,52,red
34,182,485,84,765,5911,30,187,1550,84,red
32,170,533,65,749,5822,35,170,459,65,blue
29,175,2121,84,673,4831,30,187,1550,84,blue
25,182,2329,77,693,5076,34,180,2162,77,red
30,180,1783,77,785,6192,29,190,2047,77,blue
23,162,2217,56,661,4801,28,165,1504,56,red
38,177,1296,77,765,5968,27,177,2506,77,blue
27,193,2323,77,688,5048,25,180,2172,77,red
28,175,2236,70,711,5260,28,175,2223,70,red
30,170,2164,65,648,4663,33,170,2165,61,blue
29,165,2731,61,768,5974,28,172,1719,61,red
34,187,2300,93,714,5279,37,185,2009,93,red
25,180,2172,77,702,5143,30,182,2124,77,blue
33,187,503,93,761,5851,33,187,516,93,red
31,180,1657,70,692,5073,30,177,1683,70,blue
32,177,669,77,653,4674,25,175,2070,84,red
32,175,2158,70,792,6248,27,177,2168,70,red
29,175,2307,77,689,5092,32,185,2334,77,red
28,177,2423,65,700,5244,29,177,2422,65,red
30,177,2756,70,787,6197,30,177,2222,70,red
25,190,2167,84,670,4804,33,182,1989,84,red
30,180,2758,70,769,6028,28,175,2144,70,red
33,187,1952,77,696,5138,27,182,2248,77,blue
31,190,2753,113,786,6176,26,190,2233,109,blue
37,180,405,77,813,6571,33,175,511,70,red
31,187,2761,112,769,6033,33,180,2337,93,red
29,180,2503,70,745,5668,27,177,2502,70,red
31,170,2710,52,775,6110,31,162,2350,52,red
32,177,1486,65,809,6493,26,172,2213,65,blue
34,177,2287,70,692,5050,40,175,283,70,blue
34,172,1054,65,774,6107,25,180,1936,65,red
33,187,503,93,702,5159,32,187,1189,93,blue
27,187,2815,70,784,6276,28,172,1340,70,red
29,172,1858,61,792,6302,27,172,1979,61,red
29,180,2503,70,714,5317,34,182,1992,77,red
24,180,2312,65,690,5099,28,182,2216,65,blue
30,182,2107,77,808,6466,35,185,2227,77,blue
27,190,2768,93,774,6068,29,187,2367,93,blue
28,172,2430,65,731,5532,32,172,1980,65,red
36,195,2215,118,677,4942,39,187,2197,112,blue
30,170,2164,65,793,6283,26,172,2213,65,red
29,187,2367,93,738,5546,29,177,2290,84,blue
39,175,768,77,774,6108,46,180,129,84,red
25,190,2840,93,797,6426,27,185,2790,93,blue
32,162,2343,52,804,6451,23,165,2814,52,blue
26,185,2204,77,727,5495,36,185,2100,77,blue
33,185,2055,77,713,5272,39,185,326,77,red
33,185,2205,93,718,5337,44,190,175,93,blue
25,177,2813,77,801,6388,35,182,2291,77,red
28,182,2048,65,769,6032,33,175,2128,65,blue
33,185,1806,84,797,6321,26,182,2037,84,red
38,180,347,77,700,5189,39,182,653,84,blue
38,170,1860,61,667,4760,32,170,961,61,blue
30,180,1783,77,698,5121,34,170,646,77,blue
28,172,1340,70,672,4727,32,167,2207,70,red
25,180,2588,77,732,5592,26,177,2586,77,red
35,182,2291,77,681,4876,35,190,1547,77,blue
27,193,2323,77,703,5203,25,180,2077,77,blue
35,187,1922,93,725,5428,37,185,2085,93,red
25,177,2466,70,807,6480,32,172,1137,70,blue
30,187,1550,84,683,4944,34,182,1594,84,red
25,167,2311,56,682,4898,32,162,2095,56,red
34,162,2349,52,697,5161,32,162,2343,52,red
35,172,1948,70,768,5976,31,180,2243,70,red
33,167,1861,61,669,4794,37,170,1060,61,red
34,177,915,70,652,4610,33,185,1076,77,red
37,182,387,84,744,5605,33,187,503,93,red
25,190,2167,84,646,4665,30,187,2061,93,red
34,177,1565,70,694,5035,22,175,2258,70,red
38,175,361,65,803,6436,24,180,2362,65,red
27,185,2122,84,775,6075,30,193,546,84,blue
29,185,2844,84,799,6381,23,180,2786,84,blue
30,187,2061,93,694,5033,26,182,2037,84,red
23,167,2118,56,744,5643,35,160,1253,56,blue
30,182,2107,77,771,6007,32,180,1543,77,blue
29,182,2104,77,797,6360,37,185,1549,77,blue
29,177,2053,77,784,6285,29,177,1481,70,red
32,162,2095,56,816,6590,30,160,1495,56,red
28,180,1974,65,750,5813,27,177,1531,65,red
25,182,2329,77,714,5319,35,190,1547,77,blue
30,175,545,65,753,5729,25,180,1936,65,red
25,177,2813,77,785,6183,32,190,2020,77,blue
32,187,2751,77,764,5961,25,187,2750,77,red
36,187,1694,93,770,6009,40,187,797,93,red
37,172,2276,61,780,6165,29,172,1858,61,red
29,180,2469,77,725,5429,34,177,1493,70,blue
25,175,2784,70,800,6356,31,172,1675,70,blue
29,190,2066,84,781,6105,36,182,435,84,red
38,170,366,65,698,5105,28,175,2057,70,red
37,182,372,84,691,5104,29,185,1546,84,red
26,193,2764,120,769,5980,30,193,2659,113,red
37,167,959,61,716,5327,35,167,451,65,red
0,154,2832,52,798,6366,25,162,2306,52,blue
31,190,1742,93,662,4711,37,185,1663,93,red
29,180,2698,77,776,6118,29,182,2206,77,red
31,180,2214,65,749,5825,32,182,2092,65,blue
30,182,2490,84,746,5705,29,180,2333,77,blue
28,180,2015,77,773,6026,25,180,2172,77,blue
33,185,2205,93,759,5835,33,177,2060,93,red
28,165,2505,56,718,5425,30,165,2142,56,blue
25,177,2466,70,744,5727,34,177,915,70,red
27,177,2262,70,766,5971,22,175,2258,70,red
24,162,2578,56,776,6147,33,167,2007,56,blue
34,182,2083,112,781,6166,39,187,2155,109,blue
34,162,2349,52,718,5339,28,167,2345,52,red
33,167,1618,61,661,4688,30,167,1317,61,red
27,185,2602,77,773,6025,25,182,2329,77,red
31,165,2328,52,693,5075,35,165,2279,52,red
31,182,538,77,750,5712,30,177,1711,70,blue
32,190,2020,77,648,4592,30,177,942,77,red
46,180,129,84,793,6268,38,185,368,84,red
24,175,2157,70,671,4845,31,177,2097,70,blue
34,175,778,70,779,6128,31,180,1657,70,red
31,172,2190,65,655,4732,30,170,2189,61,blue
26,177,2119,65,746,5761,28,172,2360,65,blue
31,180,1657,70,772,6012,30,177,1069,65,blue
34,187,2051,84,673,4849,33,177,1655,77,red
29,185,2604,70,811,6514,24,177,2822,70,red
33,187,502,77,695,5083,34,182,485,84,blue
26,177,2119,65,772,6005,24,180,2362,65,red
31,167,1484,65,756,5714,35,167,451,65,red
30,175,2330,65,813,6534,26,180,2847,65,red
34,177,915,70,703,5183,30,172,2023,70,blue
28,170,2150,61,794,6327,30,167,1317,61,blue
34,177,1986,70,664,4779,37,185,1080,70,blue
33,175,515,65,758,5770,26,172,2154,65,red
25,177,2813,77,793,6311,29,185,2656,77,blue
24,172,2363,61,689,5130,24,180,2362,65,red
30,175,545,65,794,6316,35,167,451,65,red
34,182,1944,77,794,6336,34,175,1386,77,draw
30,187,2105,120,674,4867,39,193,306,120,blue
29,180,2611,84,738,5621,32,182,2069,84,red
35,172,941,65,713,5321,32,182,2092,65,red
26,182,2703,77,746,5858,24,175,2702,76,blue
32,182,1820,77,667,4769,36,182,432,77,red
35,167,2576,65,724,5597,26,182,2575,70,red
31,180,2214,65,768,5963,32,177,1486,65,red
27,185,2173,77,652,4689,36,182,2174,77,red
29,177,1875,77,772,6013,29,185,2656,77,red
32,175,1744,65,704,5284,22,170,2320,61,blue
27,177,2872,70,813,6572,32,172,2773,70,blue
35,172,2317,65,752,5718,30,170,1828,61,blue
33,182,2286,84,671,4927,28,187,2282,77,blue
27,185,2244,70,703,5180,36,175,2096,70,red
32,167,1839,61,798,6400,36,167,2022,61,red
37,185,1663,93,711,5439,38,185,348,93,red
30,154,2278,61,766,5999,34,175,2221,61,red
33,190,2252,84,704,5254,28,185,2224,84,red
32,172,2773,70,773,6045,32,180,2019,70,blue
34,177,1493,70,663,4698,32,175,520,70,blue
43,177,735,120,778,6160,39,190,305,120,no contest
29,165,2731,61,750,5775,31,165,1380,61,blue
38,185,368,84,694,5032,32,190,1294,84,red
30,182,2507,70,777,6061,28,177,1092,70,red
31,190,1742,93,752,5686,44,190,175,93,blue
38,170,750,65,726,5442,38,170,366,65,blue
33,182,2087,84,758,5764,28,185,2224,84,blue
33,190,2252,84,692,5039,28,198,2064,84,blue
33,187,507,93,696,5058,38,185,346,84,red
31,167,1737,65,809,6559,36,175,1706,61,red
24,167,2326,61,746,5670,27,172,1979,61,red
32,182,1422,77,786,6175,30,182,2107,77,red
30,157,2372,52,766,5970,28,167,2345,52,red
27,175,2153,65,648,4593,38,170,750,65,red
27,170,2177,61,650,4668,29,177,2192,61,blue
26,165,2298,56,716,5328,28,167,2303,56,blue
28,182,2216,65,661,4741,35,177,1930,65,blue
25,175,2070,84,778,6083,33,175,947,84,blue
28,185,2775,84,796,6346,32,185,1991,84,red
33,172,2013,70,690,5074,33,180,1815,70,red
34,182,2559,77,726,5483,30,182,668,77,red
40,182,1015,119,665,4720,40,190,272,109,blue
31,167,1056,56,646,4605,35,160,1253,56,red
34,167,1882,61,655,4699,34,167,1243,61,blue
38,190,2810,93,790,6246,27,190,2768,93,red
28,170,2150,61,771,5988,33,165,2133,61,blue
36,182,1209,77,684,4951,34,170,646,77,blue
30,180,2230,65,791,6257,29,170,1993,65,red
32,167,2010,56,692,5064,38,167,1170,61,blue
38,180,1918,70,811,6518,29,177,2426,70,red
29,177,1875,77,786,6174,32,180,1543,77,red
30,172,1622,70,804,6460,31,180,2214,65,red
34,185,2005,84,738,5565,30,187,1550,84,red
31,182,538,77,695,5068,32,175,532,70,red
29,213,649,120,773,6021,37,193,1431,119,blue
28,185,2224,84,663,4812,32,185,2225,77,blue
32,160,2769,52,773,6091,32,175,1744,65,red
35,172,2317,65,700,5188,28,170,2150,61,blue
32,162,2095,56,687,5023,34,165,1034,61,blue
30,177,2756,70,763,5923,29,185,2604,70,red
28,167,2542,52,725,5430,35,165,2279,52,red
31,180,2805,77,792,6348,31,182,2700,77,blue
33,187,516,93,813,6531,38,180,1409,93,red
30,182,2507,70,711,5309,31,172,1675,70,red
31,190,970,118,727,5437,37,190,377,119,red
34,177,2287,70,752,5684,22,175,2258,70,red
33,175,890,70,780,6104,32,175,532,70,blue
32,180,1902,77,768,6002,31,187,1331,77,blue
38,167,1170,61,763,5905,35,172,1689,61,blue
35,185,449,84,733,5516,38,185,368,84,red
31,175,2073,70,783,6212,30,172,2023,70,red
34,167,476,65,655,4672,33,180,733,65,red
28,177,1092,70,650,4675,35,172,1136,70,blue
26,172,2238,65,754,5861,29,170,1906,65,blue
30,167,2191,61,780,6138,30,170,2164,65,blue
35,187,455,77,679,4886,34,175,1386,77,red
38,190,1163,120,695,5070,37,187,375,109,blue
36,170,2332,56,701,5128,23,162,2217,56,red
33,182,2087,84,673,4803,32,182,2069,84,red
24,177,2724,65,806,6500,28,177,1755,65,blue
35,167,2074,70,791,6256,30,177,2288,70,blue
34,193,1852,109,770,6034,39,193,308,104,blue
30,187,2264,84,781,6185,30,185,2782,84,blue
28,167,2345,52,787,6184,22,162,2305,52,red
28,172,1719,61,778,6095,30,167,1317,61,blue
24,175,2157,70,776,6112,22,175,2258,70,blue
27,165,2134,56,798,6413,23,170,2825,56,red
30,180,2230,65,755,5779,35,175,2169,65,blue
26,182,2037,84,718,5336,29,185,1546,84,blue
25,160,2792,52,795,6313,32,160,2769,52,blue
25,190,2510,77,774,6078,26,185,2204,77,red
25,172,2809,61,816,6627,29,172,2368,61,blue
31,172,1978,65,702,5170,34,172,1954,65,blue
32,190,2200,77,712,5294,37,172,374,65,blue
33,165,2133,61,724,5405,30,170,1828,61,red
37,182,372,84,720,5408,25,175,2070,84,red
22,165,2759,52,781,6178,29,170,2603,52,red
30,162,2299,56,798,6365,32,162,911,56,red
34,182,2083,112,665,4756,30,187,2105,120,red
31,167,1056,56,752,5791,33,167,2125,56,blue
33,172,2184,70,686,4977,26,172,2154,65,red
26,170,2257,70,674,4871,29,190,2047,77,red
29,167,2143,56,745,5726,37,162,2196,56,red
30,175,2202,65,701,5270,31,180,2214,65,red
30,167,1317,61,768,5958,35,172,2317,65,blue
32,193,2284,93,671,4932,28,180,2283,84,red
26,180,2847,65,799,6440,29,175,2289,65,blue
27,167,2583,61,738,5619,36,167,2304,61,red
33,162,2178,61,693,5057,25,170,2325,61,red
30,180,1783,77,667,4766,37,180,1781,84,red
25,175,2405,61,796,6393,25,170,2325,61,red
36,185,2732,109,782,6152,36,195,2215,118,red
39,180,2148,61,648,4623,30,170,2147,61,red
39,185,326,77,650,4634,27,182,1176,77,red
32,182,1820,77,739,5608,29,190,2047,77,red
38,172,721,70,680,4997,28,180,1974,65,red
32,175,532,70,704,5198,30,177,1069,65,blue
30,187,1096,70,729,5525,31,172,1976,70,blue
27,170,2177,61,706,5251,33,170,1051,61,blue
30,187,2264,84,703,5184,32,185,1991,84,blue
30,180,2826,77,796,6410,34,182,1992,77,red
30,172,2023,70,668,4778,33,175,1066,77,red
33,187,516,93,702,5131,30,195,1139,93,blue
37,167,959,61,774,6036,32,172,1057,61,red
33,185,1076,77,785,6189,32,177,669,77,blue
34,172,1054,65,712,5262,31,167,1484,65,red
32,162,2095,56,761,5933,28,165,1504,56,blue
0,162,2569,52,724,5563,28,162,2277,52,red
37,187,375,109,652,4581,34,193,1852,109,red
37,182,372,84,674,4807,35,187,1476,84,blue
38,180,347,77,765,5910,33,185,1806,84,red
30,172,2023,70,763,5876,30,180,2036,70,blue
29,175,2295,77,798,6373,35,187,2709,77,red
34,175,2221,61,770,6070,31,172,1194,63,red
30,190,1984,70,774,6050,27,177,2168,70,red
33,172,2265,56,670,4853,23,162,2217,56,red
26,177,2429,70,758,5824,21,182,2628,70,red
27,170,2838,61,795,6430,25,170,2839,61,red
25,177,2198,65,800,6375,33,172,1050,65,red
29,172,2368,61,690,5094,28,170,2150,61,red
32,187,663,77,754,5724,35,180,471,77,red
26,177,2429,70,701,5196,28,177,2268,77,red
31,180,2582,70,731,5572,26,193,2581,84,blue
34,177,915,70,793,6272,37,182,2078,70,red
34,200,1515,115,778,6082,34,185,497,109,red
40,162,940,61,700,5176,29,170,2331,61,no contest
36,175,2096,70,647,4641,37,170,1367,70,red
30,187,1550,84,786,6177,35,185,449,84,red
37,180,405,77,775,6053,33,185,1076,77,red
33,195,2106,113,694,5034,39,193,306,120,red
28,165,1504,56,800,6355,33,162,2152,56,blue
34,187,2300,93,813,6532,36,187,1694,93,red
30,187,1096,70,684,4983,32,180,1272,77,red
32,180,1272,77,678,4884,31,172,1976,70,blue
28,182,2228,77,680,5000,35,177,2131,77,red
27,175,2237,65,664,4748,31,172,1978,65,red
34,182,2559,77,752,5688,28,182,2228,77,red
29,177,2580,77,731,5571,31,175,2073,70,red
33,185,2205,93,775,6071,35,180,2195,93,red
32,190,1805,70,648,4596,35,172,941,65,red
27,193,2787,113,803,6442,33,195,2106,113,red
29,177,2313,70,698,5155,27,180,2179,70,blue
24,170,2126,61,683,4986,33,167,2007,56,red
28,180,2315,65,725,5499,33,170,1994,65,no contest
25,175,2405,61,789,6219,27,167,2354,61,draw
31,180,2585,70,797,6349,22,175,2258,70,blue
36,177,1478,70,693,5091,31,175,2073,70,red
32,185,1991,84,771,6010,29,180,2611,84,blue
29,175,2295,77,718,5342,40,180,2226,77,blue
32,180,1272,77,798,6341,31,175,965,77,blue
26,185,2204,77,765,5915,29,175,2130,77,blue
33,172,2013,70,749,5676,33,177,514,70,blue
34,170,2256,56,752,5731,29,167,2280,52,red
32,182,2365,77,702,5144,33,177,1655,77,red
29,175,1983,70,694,5088,32,172,875,70,blue
28,167,2866,61,808,6526,36,167,2022,61,red
39,167,2376,61,810,6510,33,165,2133,61,draw
31,187,1331,77,721,5463,28,180,2015,77,red
33,185,2161,77,649,4654,28,198,2064,84,red
28,182,2754,84,769,5995,27,182,2755,84,blue
30,170,1828,61,802,6370,28,172,1719,61,red
28,190,2770,111,772,6096,33,195,2106,113,red
32,190,2082,118,717,5385,32,182,1850,118,red
36,185,419,93,782,6159,25,190,2076,93,red
31,172,1976,70,759,5831,32,180,2316,70,red
27,177,2296,56,679,4966,33,175,1912,61,blue
29,177,2229,77,663,4814,28,182,2228,77,red
31,182,538,77,768,6016,28,175,2057,70,blue
27,182,2159,70,687,5077,38,177,1146,70,blue
31,170,2710,52,753,5877,27,154,2340,52,red
29,180,2297,77,719,5367,41,182,870,77,blue
29,177,2290,84,706,5253,33,182,2286,84,blue
27,177,2262,70,720,5413,35,175,2175,70,blue
33,187,1952,77,678,4874,31,182,2203,77,blue
32,175,2193,65,678,4940,30,180,1916,65,blue
36,175,1706,61,672,4823,34,167,1882,61,blue
31,172,1978,65,680,5001,35,172,941,65,red
35,172,1689,61,690,5098,37,167,959,61,red
31,180,2585,70,813,6573,30,175,2812,70,red
33,187,1952,77,721,5474,36,182,432,77,red
32,190,2200,77,795,6342,32,182,1422,77,red
27,172,2846,61,798,6439,29,172,2266,61,red
33,172,2013,70,646,4662,32,172,530,70,blue
26,177,2119,65,660,4695,25,180,1936,65,red
26,165,2210,61,804,6499,21,175,2857,61,red
32,165,2132,61,648,4595,29,175,2018,61,red
35,180,2195,93,766,5964,35,187,1476,84,blue
32,180,1272,77,806,6475,33,185,1076,77,blue
32,190,2082,118,780,6119,40,182,1015,119,blue
30,170,2749,65,787,6186,27,170,2705,65,blue
32,180,2316,70,729,5455,31,180,1657,70,red
33,187,1952,77,706,5307,36,182,2174,77,blue
38,193,367,109,685,4958,37,193,1431,119,blue
29,170,2845,52,799,6437,28,165,2697,52,red
29,185,1546,84,651,4608,30,180,1783,77,blue
25,160,2079,52,653,4678,28,170,2150,61,blue
31,185,2820,70,784,6171,32,172,1137,70,red
26,160,1966,61,802,6420,31,167,1905,61,red
30,190,1969,93,694,5036,44,190,175,93,red
37,185,1080,70,688,5026,31,172,1976,70,red
29,170,1906,65,740,5652,35,172,941,65,blue
31,182,2261,70,682,4934,30,190,1984,70,red
28,177,1755,65,786,6172,24,180,2362,65,red
30,170,1970,56,816,6545,25,175,2166,56,blue
29,167,2143,56,648,4620,27,170,2054,61,red
28,193,2788,109,786,6196,27,193,2787,113,blue
31,175,965,77,761,5852,30,177,942,77,red
33,185,2205,93,698,5156,30,195,2285,93,blue
38,170,750,65,765,5956,30,167,1907,65,red
30,180,1783,77,777,6063,32,180,1272,77,blue
32,160,1911,56,649,4685,33,162,2016,56,no contest
26,172,2213,65,725,5435,28,182,2048,65,blue
40,190,272,109,724,5472,29,213,649,120,red
36,187,1694,93,749,5672,37,187,1968,93,red
31,180,2582,70,754,5873,33,172,2013,70,red
30,172,2371,56,732,5520,29,167,2091,56,blue
33,182,2286,84,731,5538,27,187,2246,84,red
30,180,2508,77,790,6309,32,180,525,77,blue
27,152,2808,52,786,6225,25,170,2465,52,red
26,193,2581,84,752,5687,39,182,2324,84,red
31,167,1905,61,664,4796,30,167,1527,65,blue
33,193,535,108,769,5993,35,193,969,120,blue
29,180,2297,77,753,5692,26,180,2247,77,red
34,182,2083,112,793,6271,29,213,649,120,red
38,177,356,70,652,4602,33,175,1066,77,red
28,190,2364,84,755,5781,32,180,1638,84,red
36,193,808,120,784,6154,34,193,1852,109,red
35,180,454,61,740,5699,33,170,1051,61,red
29,170,2259,65,674,4890,22,175,2258,70,red
26,165,2610,56,797,6368,28,165,2505,56,red
28,182,2209,77,733,5506,25,182,2329,77,red
23,182,2772,77,791,6264,32,182,1820,77,red
25,175,2070,84,800,6438,37,180,1403,84,blue
32,182,1422,77,769,6027,32,180,2509,77,blue
28,172,2430,65,716,5356,31,172,2190,65,blue
33,170,1994,65,786,6187,30,167,1907,65,red
34,185,2005,84,646,4631,35,182,464,84,red
34,185,2428,84,773,6024,34,190,1938,84,red
24,165,2344,52,697,5167,29,154,2338,52,red
33,185,2161,77,691,5109,29,182,2104,77,red
27,177,2001,70,676,4851,32,177,669,77,red
29,177,2192,61,670,4822,34,177,1910,61,blue
29,175,2467,65,714,5363,24,167,2326,61,red
26,193,2740,84,781,6168,26,182,2780,93,blue
33,175,515,65,791,6253,30,167,1527,65,red
25,172,2809,61,790,6245,31,172,2757,61,blue
27,177,2296,56,726,5519,24,167,2326,61,red
27,187,2246,84,766,5966,39,182,2324,84,red
28,170,2150,61,743,5662,25,160,2079,52,blue
33,165,2133,61,784,6204,30,167,2099,61,blue
26,160,2120,52,714,5366,25,162,2468,52,blue
31,180,2585,70,729,5526,28,180,1814,70,blue
0,182,2584,77,727,5496,31,185,1965,84,blue
29,172,2266,61,673,4908,35,180,454,61,blue
33,172,509,70,676,4846,33,185,1076,77,red
27,182,2851,77,804,6490,26,180,2737,77,no contest
34,180,2366,104,702,5145,26,190,2233,109,red
23,167,2118,56,803,6447,33,167,2007,56,blue
29,157,2342,52,711,5416,31,162,2350,52,red
30,172,2877,77,810,6539,34,182,1992,77,red
30,177,2232,61,682,4923,27,175,2237,65,blue
25,175,2166,56,667,4746,35,160,1253,56,red
30,167,1907,65,678,4873,35,170,459,65,blue
27,180,2377,70,698,5186,27,177,2262,70,red
31,172,1791,65,666,4816,33,170,1994,65,blue
30,175,2421,65,733,5505,33,175,2128,65,red
37,190,377,119,703,5142,37,193,1431,119,blue
24,175,2157,70,810,6543,38,175,1997,70,blue
36,190,1810,84,799,6402,28,185,2789,84,red
33,180,2337,93,807,6469,37,187,1968,93,red
37,185,2009,93,649,4597,30,195,1139,93,red
28,180,2777,77,800,6421,27,182,1867,77,blue
27,182,2755,84,787,6180,34,185,2428,84,blue
29,170,2331,61,738,5545,24,172,2359,61,red
26,172,2292,70,780,6126,30,177,2288,70,red
28,172,1990,65,647,4626,27,177,1531,65,red
30,167,2309,61,775,6111,31,170,2220,61,blue
35,187,2090,84,651,4612,36,190,1810,84,red
30,180,1783,77,731,5569,30,182,2107,77,blue
29,170,2603,52,755,5803,30,157,2372,52,red
36,180,2752,106,779,6139,30,193,2659,113,red
29,175,2089,70,685,4973,33,177,514,70,red
24,172,2363,61,717,5438,26,172,2355,61,red
27,177,2322,70,687,5046,30,177,2288,70,red
30,187,2264,84,775,6072,28,185,2224,84,red
31,162,2084,56,795,6391,26,165,2103,56,red
27,172,2504,61,769,6031,24,177,2760,61,blue
32,182,2069,84,740,5580,31,187,786,84,blue
35,160,1253,56,684,4955,30,160,1495,56,red
27,170,2626,70,740,5700,32,167,2207,70,red
25,180,1936,65,686,4992,34,172,1954,65,blue
34,187,2051,84,699,5113,32,187,2251,84,blue
32,190,1294,84,706,5217,38,185,346,84,blue
33,185,1806,84,651,4616,39,182,1866,84,red
32,160,1911,56,691,5106,26,165,2103,56,red
37,187,1968,93,660,4686,29,193,549,93,red
23,170,2882,61,816,6624,35,172,2219,61,blue
36,175,1706,61,793,6273,38,167,1170,61,blue
31,187,786,84,702,5132,46,180,129,84,blue
34,187,2300,93,686,4979,33,177,2060,93,blue
30,195,1139,93,744,5607,38,180,1409,93,red
30,180,2464,77,740,5653,31,170,2310,77,red
27,172,2504,61,793,6274,31,172,2137,61,blue
30,187,1096,70,664,4750,32,172,530,70,blue
33,177,2806,77,783,6164,24,182,2776,77,red
31,175,2699,70,761,5855,27,182,2159,70,red
31,180,2214,65,661,4802,26,172,2213,65,red
37,185,1663,93,666,4857,34,193,1852,109,red
31,177,2634,77,795,6431,36,180,2833,77,blue
30,190,1969,93,671,4858,32,190,2082,118,red
35,177,2131,77,669,4781,34,175,2027,84,blue
31,177,1982,70,647,4618,39,175,774,70,blue
26,182,2037,84,752,5683,32,182,2069,84,blue
28,175,2874,61,809,6576,25,175,2405,61,red
30,180,2093,70,651,4525,38,172,1824,70,blue
26,177,2828,93,796,6412,37,185,2085,93,no contest
34,200,1515,115,661,4687,39,193,308,104,red
25,187,2750,77,801,6386,21,182,2628,70,blue
36,185,419,93,759,5789,36,182,435,84,blue
28,190,2364,84,696,5139,38,185,2245,84,red
34,170,2571,61,780,6127,30,172,2358,61,red
35,180,1452,84,787,6229,30,187,2264,84,red
23,185,2765,93,775,6077,30,190,2608,93,red
31,172,1675,70,719,5345,33,185,1076,77,red
30,180,2239,70,688,5016,28,175,2223,70,red
32,190,2200,77,779,6090,29,182,2587,77,red
23,187,2658,110,809,6570,31,190,2753,113,red
27,180,2375,65,816,6589,30,175,545,65,blue
27,182,2831,84,795,6361,34,190,1938,84,blue
27,177,1531,65,787,6179,30,177,1069,65,red
29,177,2290,84,675,4842,33,177,2060,93,red
35,185,449,84,682,4931,35,190,1883,84,blue
34,182,1944,77,650,4657,26,182,2037,84,blue
26,193,2146,65,648,4622,25,180,1936,65,red
28,193,1843,84,776,6117,32,185,1991,84,red
24,175,2157,70,753,5698,37,182,2078,70,red
27,185,2602,77,732,5559,36,182,2174,77,red
33,175,511,70,725,5409,32,187,663,77,red
27,185,2244,70,669,4770,31,180,2243,70,red
32,180,2231,70,716,5329,27,180,2179,70,blue
31,182,2203,77,661,4726,27,182,1867,77,red
29,185,1546,84,681,4897,36,182,435,84,red
27,182,2263,77,695,5069,31,175,2176,70,blue
26,160,1966,61,743,5604,35,172,1689,61,blue
29,177,1481,70,717,5436,28,175,1595,70,red
30,187,2264,84,806,6477,37,182,372,84,blue
32,177,2762,70,782,6137,26,180,2706,70,blue
30,177,2701,77,746,5857,31,182,2700,77,red
31,187,786,84,672,4785,39,182,653,84,blue
26,182,2703,77,780,6125,25,180,2588,77,red
29,175,1983,70,699,5160,32,177,524,70,blue
27,177,2168,70,706,5248,33,172,509,70,blue
27,185,2602,77,755,5865,35,187,455,77,red
30,175,545,65,721,5418,30,167,1907,65,blue
28,165,1504,56,671,4854,24,170,2126,61,blue
33,185,2205,93,799,6385,27,190,2281,93,red
34,185,2005,84,699,5152,34,182,1594,84,red
34,170,646,77,758,5767,33,187,1952,77,red
25,175,2070,84,699,5151,34,175,1386,77,red
33,170,2165,61,783,6237,24,167,2326,61,red
30,177,1711,70,789,6216,28,175,1595,70,blue
28,175,2843,61,801,6428,34,175,2221,61,red
30,180,2230,65,703,5204,29,175,2289,65,blue
27,185,2790,93,804,6492,32,185,2623,93,blue
32,187,2767,114,779,6094,23,187,2658,110,red
38,180,347,77,807,6471,33,185,2055,77,red
35,190,1547,77,661,4724,33,175,511,70,red
30,182,2124,77,647,4619,33,182,2080,77,blue
27,162,2589,61,761,5926,36,175,1706,61,blue
30,167,2099,61,777,6067,36,167,2022,61,red
30,170,2781,61,781,6169,32,167,1044,61,red
33,190,1499,93,738,5544,37,187,1968,93,red
31,175,965,77,664,4693,35,180,471,77,red
33,175,890,70,684,5008,33,185,1076,77,red
36,195,2215,118,690,5066,31,190,970,118,red
33,172,1864,65,672,4736,28,172,1990,65,blue
35,172,460,70,675,4887,30,180,2036,70,red
25,180,2172,77,667,4777,37,175,2127,77,blue
29,175,2089,70,668,4767,40,175,283,70,blue
37,182,372,84,770,6042,33,182,2087,84,red
39,182,1866,84,753,5691,37,185,896,84,blue
33,172,1864,65,789,6222,31,180,2214,65,red
34,172,1954,65,663,4765,28,175,1595,70,red
33,187,1952,77,667,4776,29,190,2047,77,red
30,180,2036,70,725,5427,38,175,1997,70,red
38,185,2245,84,777,6056,30,187,1550,84,red
34,175,2221,61,663,4733,31,165,1380,61,red
30,177,1711,70,794,6339,28,177,1919,70,red
29,190,2047,77,716,5374,32,190,2020,77,blue
39,187,2197,112,700,5190,32,190,2082,118,red
37,170,1060,61,652,4630,32,170,961,61,red
40,182,1015,119,680,4830,43,177,735,120,red
31,167,1737,65,759,5932,33,172,1864,65,blue
33,187,507,93,672,4797,35,190,1883,84,blue
36,187,1694,93,650,4706,38,180,1409,93,red
28,175,2057,70,684,4959,28,175,1595,70,blue
27,182,2263,77,770,6008,26,180,2247,77,blue
38,175,361,65,671,4784,35,167,451,65,red
27,177,2322,70,717,5498,29,177,2313,70,red
37,172,2276,61,676,4914,32,172,2185,70,red
25,170,2325,61,711,5308,37,170,1060,61,blue
30,167,2309,61,677,4852,31,167,1905,61,red
29,175,1859,65,706,5358,29,170,1906,65,red
32,172,1137,70,667,4744,35,165,438,61,blue
33,177,2060,93,649,4627,43,198,699,93,blue
33,170,2293,61,681,4957,36,167,2022,61,red
27,165,2235,61,712,5282,27,167,1511,61,red
32,190,2200,77,686,4962,30,182,2124,77,red
34,180,2162,77,649,4653,27,185,2030,84,blue
31,170,2183,61,792,6351,36,172,2356,61,blue
37,170,1367,70,691,5093,35,177,648,70,red
37,193,2605,120,733,5560,34,182,2083,112,red
38,167,1170,61,801,6397,37,167,959,61,red
33,182,2087,84,662,4714,28,185,1835,84,blue
25,160,2079,52,774,6103,34,165,2341,52,blue
35,182,2291,77,693,5060,26,180,2247,77,red
30,177,1711,70,703,5187,31,180,1657,70,blue
33,187,502,77,729,5529,33,177,1655,77,blue
26,182,2860,93,806,6489,31,185,1865,93,red
30,187,2264,84,738,5567,33,185,1806,84,red
31,185,1965,84,670,4828,32,185,1991,84,red
28,177,2373,65,702,5169,28,172,1990,65,blue
31,180,1657,70,661,4707,33,185,1076,77,red
28,172,1340,70,713,5277,31,175,2073,70,no contest
28,180,2315,65,677,4956,29,177,1481,70,red
34,182,1944,77,684,4952,37,180,405,77,blue
32,175,2193,65,662,4734,29,170,1993,65,red
21,162,2816,61,783,6236,29,172,2368,61,red
32,190,2200,77,761,5854,36,182,2174,77,blue
27,182,2851,77,802,6458,31,187,1331,77,blue
30,165,2336,65,693,5102,25,172,2335,65,red
32,185,1991,84,808,6463,28,185,2224,84,red
33,170,2165,61,724,5568,36,175,1706,61,red
34,180,2160,77,646,4652,29,190,2047,77,red
40,180,2226,77,663,4813,35,185,2227,77,red
25,182,2329,77,750,5776,29,182,2587,77,red
33,177,878,77,754,5870,32,185,2225,77,red
31,162,2350,52,808,6506,29,154,2338,52,blue
33,167,1861,61,651,4600,31,167,1905,61,red
33,187,507,93,711,5258,38,185,368,84,red
38,190,2810,93,803,6435,36,180,2752,106,blue
27,185,2122,84,763,5920,27,185,2030,84,blue
26,165,2103,56,711,5256,30,160,1495,56,red
30,175,2330,65,720,5362,24,180,2362,65,red
34,170,1179,61,727,5576,32,167,1044,61,red
33,185,1076,77,750,5678,32,175,532,70,red
38,193,367,109,754,5826,34,193,1852,109,red
31,187,786,84,793,6269,39,182,295,84,blue
29,185,1926,84,784,6284,29,185,1546,84,red
29,185,1985,70,683,4904,32,177,524,70,red
29,190,2763,104,777,6059,37,193,2605,120,blue
29,180,2469,77,790,6243,30,177,2042,70,blue
33,190,1499,93,772,5990,29,193,549,93,red
33,182,197,70,676,4855,33,177,514,70,red
36,182,2102,70,651,4617,34,177,1986,70,red
27,182,2254,65,744,5634,24,180,2362,65,red
25,182,2876,84,810,6585,34,185,2428,84,blue
36,182,432,77,770,5982,39,185,326,77,red
27,177,2168,70,704,5250,31,172,1976,70,blue
39,175,768,77,808,6527,33,175,947,84,red
26,190,2739,77,761,5934,27,193,2323,77,blue
25,175,2166,56,745,5664,28,177,2274,56,blue
30,172,2371,56,738,5566,28,165,1504,56,red
31,162,2084,56,646,4658,26,160,1966,61,blue
31,170,2318,56,683,4943,31,170,2220,61,red
33,190,1499,93,681,4905,33,187,503,93,red
32,180,2316,70,691,5120,37,175,1061,70,blue
34,182,1944,77,775,6037,27,182,1176,77,blue
32,190,2082,118,683,4937,38,190,1163,120,red
32,172,1184,61,688,4930,34,165,1039,61,red
30,177,2232,61,666,4821,30,167,2191,61,red
29,167,2143,56,716,5388,26,162,2253,56,blue
27,172,1979,61,782,6149,35,172,1689,61,blue
30,177,1683,70,774,6047,28,175,1595,70,red
29,180,2297,77,801,6387,27,182,2263,77,blue
34,177,1910,61,665,4758,32,167,1044,61,no contest
31,170,2220,61,739,5615,36,170,2332,56,red
31,185,2861,93,804,6524,36,195,2215,118,blue
32,177,669,77,777,6058,30,177,942,77,blue
29,175,1859,65,653,4676,30,167,1907,65,red
27,177,2001,70,733,5508,27,177,2502,70,red
29,175,2130,77,682,4953,29,190,2047,77,red
26,180,2737,77,754,5895,37,185,1549,77,blue
34,170,646,77,721,5464,29,185,2269,77,blue
30,162,2299,56,746,5669,31,165,2011,56,blue
27,185,2122,84,686,4994,34,187,2058,84,blue
33,180,2101,70,646,4642,31,172,1675,70,blue
31,160,1347,52,816,6544,24,165,2344,52,red
35,190,2424,106,799,6377,32,190,2082,118,red
42,187,219,99,714,5278,37,187,375,109,blue
31,190,1742,93,810,6495,35,185,457,93,red
27,177,2168,70,738,5548,30,177,1711,70,blue
34,182,1944,77,764,5900,33,175,947,84,blue
32,165,1935,61,696,5100,30,167,1527,65,red
32,187,1189,93,687,4989,37,187,1968,93,blue
34,170,2571,61,808,6467,29,172,2852,61,red
37,185,1549,77,663,4696,37,180,405,77,red
33,162,2152,56,681,4859,31,165,2011,56,red
34,177,2287,70,713,5283,38,175,1997,70,red
36,167,2022,61,699,5140,30,167,1317,61,red
30,172,2371,56,695,5082,33,167,2007,56,red
30,170,2164,65,673,4907,31,162,1913,61,blue
28,180,2778,77,794,6326,25,180,2588,77,red
28,165,2505,56,781,6167,25,175,2166,56,red
32,175,2193,65,726,5441,27,185,2242,65,blue
28,157,2275,52,676,4920,28,162,2277,52,red
29,175,2130,77,802,6389,41,182,870,77,blue
31,185,2735,70,763,5996,28,175,2734,70,red
23,167,2118,56,652,4661,28,177,1755,65,red
30,187,1550,84,706,5326,37,185,896,84,red
26,190,2233,109,803,6485,39,187,2155,109,red
28,165,1504,56,791,6259,31,165,2011,56,red
36,193,808,120,704,5199,40,182,1015,119,blue
26,193,2740,84,764,5936,30,190,2608,93,red
28,182,2216,65,764,5935,30,175,2729,70,blue
32,175,2158,70,816,6625,30,177,1683,70,blue
34,170,2256,56,711,5261,39,170,2149,52,blue
29,182,2104,77,649,4644,28,180,2015,77,red
35,167,2576,65,776,6135,37,172,374,65,red
27,177,2322,70,713,5322,37,172,2353,77,blue
33,170,1051,61,684,4891,32,172,1057,61,red
24,177,2795,65,785,6201,30,175,2729,70,red
31,187,786,84,647,4591,38,185,346,84,red
28,165,1504,56,692,5020,32,162,911,56,red
36,182,2102,70,695,5119,28,175,2236,70,red
28,175,2057,70,785,6161,31,182,538,77,blue
30,175,545,65,670,4783,33,172,1050,65,red
31,160,2678,52,750,5814,31,162,2350,52,blue
31,160,2678,52,794,6325,29,167,2280,52,red
23,182,2772,77,770,6043,34,182,1992,77,draw
37,175,1061,70,750,5732,32,172,1137,70,red
34,182,1594,84,772,5997,26,182,2037,84,red
35,172,937,70,668,4836,32,175,532,70,red
26,190,2739,77,789,6239,31,182,2700,77,blue
34,170,1179,61,754,5856,26,175,1650,61,red
23,162,2217,56,810,6537,31,165,2011,56,blue
32,190,2766,84,777,6060,28,190,2364,84,red
27,185,2863,93,804,6453,33,190,1499,93,blue
33,190,2270,84,675,4910,29,185,2269,77,red
34,182,1827,84,743,5647,34,182,485,84,red
28,182,1462,77,785,6206,33,187,1952,77,red
38,180,1918,70,773,6023,33,180,1871,70,blue
26,182,2037,84,816,6591,37,185,896,84,blue
31,160,1347,52,732,5504,33,154,2348,52,blue
35,187,1922,93,669,4847,33,190,1499,93,red
35,182,2186,77,755,5710,41,177,914,77,blue
29,175,2307,77,682,4996,33,187,502,77,red
32,175,532,70,682,4903,33,175,1066,77,blue
27,165,2134,56,752,5793,28,165,2505,56,red
30,177,1069,65,800,6414,25,180,1936,65,red
38,160,2346,52,697,5165,29,157,2342,52,red
32,162,2095,56,725,5432,31,165,2011,56,red
28,172,1340,70,754,5774,33,175,2558,70,blue
28,177,2268,77,779,6088,29,180,2469,77,red
24,177,2724,65,756,5889,38,170,750,65,red
25,172,2369,61,777,6054,25,170,2325,61,blue
24,170,2126,61,796,6340,30,167,2191,61,red
32,182,2733,84,789,6297,27,187,2246,84,red
26,185,2204,77,672,4787,28,198,2064,84,blue
28,165,1504,56,651,4629,33,167,2007,56,red
28,190,2302,84,686,4985,34,190,1938,84,red
28,175,2223,70,663,4811,30,177,2222,70,red
32,180,2019,70,716,5330,33,175,2145,70,blue
35,165,2279,52,772,6004,29,154,2338,52,red
27,182,2159,70,713,5275,37,182,2078,70,red
29,167,2143,56,680,4925,26,165,2103,56,red
38,170,750,65,786,6173,33,172,1050,65,red
27,177,1531,65,674,4860,33,180,733,65,blue
37,190,377,119,766,5940,43,177,735,120,red
32,180,2316,70,791,6255,38,175,1997,70,red
30,180,2829,93,796,6411,31,185,1865,93,blue
32,180,2231,70,740,5701,35,172,460,70,blue
38,172,1824,70,692,5022,33,177,510,70,red
32,175,1744,65,807,6468,35,172,2317,65,blue
28,175,2734,70,809,6509,25,175,2784,70,blue
26,185,2204,77,653,4637,33,190,2067,84,blue
30,167,2260,61,729,5531,30,180,2138,61,blue
27,180,2375,65,696,5135,34,175,2123,65,blue
26,170,2257,70,701,5195,31,175,542,70,red
33,187,1952,77,810,6535,29,180,2469,77,red
36,167,2304,61,753,5730,37,167,959,61,red
30,187,2105,120,764,5901,40,182,1015,119,red
29,193,2834,93,801,6403,27,190,2768,93,blue
36,185,1390,93,764,5917,33,190,1499,93,red
32,187,2794,93,776,6198,28,190,2793,93,blue
37,165,2462,56,801,6416,30,157,2801,56,red
32,165,2577,61,780,6120,30,172,2308,61,red
35,160,2351,52,758,5771,25,162,2306,52,red
34,200,1515,115,784,6155,39,193,308,104,red
25,187,2842,77,799,6390,26,190,2739,77,red
36,190,1810,84,675,4872,34,187,2058,84,blue
35,190,2803,84,808,6528,29,185,2844,84,red
27,175,2153,65,698,5173,30,175,2330,65,red
27,185,2122,84,796,6331,35,185,449,84,blue
34,175,1386,77,782,6143,35,180,471,77,blue
25,180,2172,77,647,4684,34,187,2051,84,red
25,170,2655,65,795,6350,30,175,2729,70,red
25,175,2484,70,803,6445,32,177,524,70,red
30,172,2314,70,677,5009,29,177,2313,70,red
27,177,2168,70,665,4755,28,180,1814,70,red
25,167,2311,56,698,5154,31,170,2318,56,blue
26,172,2154,65,647,4636,31,170,2183,61,blue
40,182,1015,119,740,5579,39,190,328,113,red
28,177,2268,77,670,4834,31,175,2176,70,red
38,172,721,70,778,6087,33,172,509,70,red
33,185,1806,84,789,6217,32,182,2069,84,blue
27,187,2246,84,666,4879,38,185,2245,84,blue
36,187,1694,93,678,4833,35,193,472,93,blue
30,187,2105,120,752,5790,29,213,649,120,blue
28,177,2268,77,727,5494,24,175,2157,70,red
33,175,511,70,699,5112,27,182,1867,77,blue
30,187,2156,77,649,4645,36,185,2100,77,red
34,193,1161,111,690,5044,34,200,1515,115,red
30,187,2061,93,772,6003,31,185,1865,93,red
36,187,1694,93,724,5558,36,185,1390,93,blue
35,175,2175,70,653,4690,29,170,2012,70,blue
29,170,1993,65,779,6141,32,177,1486,65,red
29,170,2035,65,686,4976,27,185,2242,65,blue
46,180,129,84,664,4825,38,180,1409,93,red
32,185,2225,77,714,5286,28,182,2209,77,red
21,182,2628,70,744,5728,35,175,2175,70,blue
33,165,2133,61,660,4705,30,180,2138,61,blue
38,170,1860,61,758,5833,27,170,2177,61,red
22,165,2759,52,769,6029,25,170,2465,52,red
24,172,2359,61,763,5906,31,172,2137,61,red
33,187,507,93,662,4709,32,185,1991,84,blue
37,175,1061,70,677,4894,33,180,1815,70,red
30,170,1494,65,804,6450,30,167,1907,65,blue
30,170,2749,65,759,5850,30,175,2330,65,red
32,185,522,65,701,5126,25,180,1936,65,red
35,170,1177,65,801,6456,32,185,522,65,blue
25,172,2369,61,802,6406,32,172,1057,61,blue
30,157,2801,56,782,6210,32,162,2095,56,red
32,177,2726,65,756,5896,30,175,2729,70,blue
32,180,2019,70,797,6367,32,177,2762,70,red
29,167,2280,52,678,4929,35,165,2279,52,blue
32,162,2135,56,675,4928,28,177,2274,56,red
32,172,1057,61,759,5786,31,167,1905,61,blue
37,190,377,119,743,5631,38,193,367,109,red
26,172,2355,61,689,5123,27,167,2354,61,red
26,165,2610,56,775,6146,31,162,2084,56,red
36,187,1694,93,696,5090,27,187,2246,84,blue
31,167,2339,52,775,6133,34,170,2256,56,blue
31,187,786,84,683,4912,37,185,896,84,red