Match,BPrev,BStreak,B_Age,B_Age Group,B_Height,B_ID,B_Weight,RPrev,RStreak,R_Age,R_Age_Group,R_Height,R_ID,R_Weight,winner,Blue Impact,Red Impact Score
0,1,1,23,20's,182,2783,84,6,1,27,20's,187,2246,84,red,1425,16453
1,0,0,32,30's,175,2208,70,0,0,29,20's,182,2039,70,blue,0,0
2,2,0,38,30's,172,721,70,2,0,32,30's,177,524,70,red,6024,4204
3,0,0,23,20's,170,2825,56,6,4,25,20's,175,2166,56,blue,0,21384
4,3,1,30,30's,167,2260,61,5,2,28,20's,170,2150,61,red,9549,15454
5,0,0,38,30's,180,1918,70,4,0,30,30's,180,2036,70,red,0,13995
6,2,1,30,30's,182,2507,70,4,1,30,30's,187,1096,70,red,4519,9647
7,0,0,27,20's,177,2262,70,1,0,30,30's,180,2044,70,blue,0,3796
8,1,0,34,30's,177,1817,70,3,0,31,30's,177,1982,70,red,2861,7560
9,2,1,33,30's,182,2080,77,4,1,28,20's,182,2228,77,blue,7194,10781
10,4,0,36,30's,175,2041,65,0,0,23,20's,172,2570,65,red,9010,0
11,0,0,27,20's,177,2502,70,0,0,27,20's,177,2301,70,blue,0,0
12,0,0,30,30's,182,2250,77,0,0,32,30's,180,2249,84,red,0,0
13,0,0,44,40's,177,1001,84,1,0,38,30's,185,368,84,red,0,1150
14,3,3,30,30's,190,2608,93,2,2,25,20's,190,2076,93,blue,6696,4975
15,2,2,30,30's,190,2234,109,3,2,32,30's,182,1850,118,blue,7830,6749
16,1,0,33,30's,175,890,70,1,0,34,30's,175,778,70,blue,4356,2522
17,0,0,35,30's,172,2219,61,0,0,31,30's,170,2220,61,red,0,0
18,0,0,36,30's,167,2022,61,0,0,30,30's,170,1828,61,red,0,0
19,0,0,33,30's,182,506,84,0,0,41,40's,187,235,84,no contest,0,0
20,0,0,30,30's,170,2862,65,6,0,31,30's,172,1978,65,blue,0,14086
21,3,0,34,30's,177,1493,70,1,0,36,30's,177,407,77,red,1791,2768
22,0,0,33,30's,177,2273,70,0,0,25,20's,177,2466,70,red,0,0
23,1,1,31,30's,177,1982,70,1,1,35,30's,172,1948,70,blue,3832,651
24,0,0,37,30's,180,1781,84,0,0,32,30's,190,1294,84,red,0,0
25,4,1,46,40's,180,129,84,1,0,39,30's,182,295,84,red,4349,707
26,0,0,37,30's,162,2196,56,0,0,38,30's,167,1170,61,red,0,0
27,2,1,24,20's,177,2724,65,2,1,27,20's,182,2254,65,blue,5955,4258
28,0,0,27,20's,177,2141,70,0,0,35,30's,172,1948,70,red,0,0
29,0,0,29,20's,177,2771,70,1,1,28,20's,177,1919,70,red,0,4558
30,1,0,32,30's,160,2352,52,1,0,24,20's,165,2344,52,red,2651,2261
31,2,0,27,20's,182,2263,77,2,2,21,20's,182,2628,70,blue,8802,2215
32,3,0,32,30's,160,1904,61,6,5,26,20's,160,1966,61,red,10663,19249
33,0,0,31,30's,180,2805,77,5,1,29,20's,180,2297,77,red,0,12042
34,0,0,33,30's,154,2348,52,0,0,27,20's,154,2340,52,red,0,0
35,3,3,28,20's,175,2057,70,2,1,31,30's,167,1484,65,blue,4417,6834
36,1,1,26,20's,180,2737,77,5,0,28,20's,177,2268,77,blue,3675,9004
37,1,1,28,20's,170,2240,61,2,2,25,20's,160,2079,52,red,2960,6425
38,0,0,28,20's,172,1719,61,0,0,34,30's,167,2017,61,red,0,0
39,1,0,31,30's,182,2261,70,2,0,30,30's,187,1096,70,blue,5379,4683
40,1,0,26,20's,177,2119,65,1,1,29,20's,172,1858,61,blue,4400,3261
41,1,1,29,20's,190,2199,93,2,0,37,30's,185,1663,93,red,3636,4453
42,1,0,35,30's,172,2219,61,1,1,27,20's,167,2354,61,blue,1784,3701
43,3,0,32,30's,175,2208,70,2,0,28,20's,175,1595,70,red,4771,1400
44,0,0,22,20's,180,2879,61,1,0,35,30's,170,2811,63,red,0,1207
45,1,0,33,30's,170,2165,61,1,0,30,30's,170,2189,61,blue,1826,2255
46,2,0,33,30's,162,2152,56,3,3,32,30's,162,911,56,red,5988,13719
47,0,0,28,20's,177,2374,84,1,0,34,30's,175,2027,84,red,0,43
48,6,2,28,20's,172,1340,70,6,1,28,20's,175,2223,70,red,13127,17003
49,4,1,33,30's,170,1051,61,3,3,25,20's,172,2369,61,red,11073,6137
50,2,0,31,30's,177,1891,70,0,0,29,20's,177,2426,70,red,3588,0
51,0,0,32,30's,172,2185,70,0,0,33,30's,172,2184,70,red,0,0
52,0,0,29,20's,190,2199,93,0,0,37,30's,185,2085,93,blue,0,0
53,1,1,31,30's,162,2084,56,0,0,30,30's,160,1495,56,red,4604,0
54,5,0,37,30's,185,2085,93,1,0,26,20's,177,2828,93,blue,12834,492
55,1,0,39,30's,177,330,77,3,1,32,30's,182,1820,77,red,2045,3151
56,1,1,31,30's,172,1791,65,0,0,32,30's,170,533,65,red,3948,0
57,0,0,29,20's,190,2779,77,4,0,29,20's,180,2297,77,red,0,8837
58,1,0,30,30's,177,2756,70,5,0,28,20's,175,2223,70,red,63,13512
59,4,0,30,30's,177,2222,70,6,0,32,30's,172,875,70,red,10327,14708
60,3,0,37,30's,175,1061,70,3,0,33,30's,172,509,70,red,7070,4815
61,3,0,46,40's,180,129,84,3,0,36,30's,182,435,84,blue,4072,2787
62,2,0,25,20's,190,2167,84,2,0,33,30's,182,2087,84,red,9079,4475
63,1,0,27,20's,185,2173,77,1,0,26,20's,182,2037,84,red,3939,513
64,0,0,36,30's,170,2332,56,1,1,28,20's,177,2274,56,blue,0,978
65,3,0,32,30's,180,2316,70,4,0,32,30's,172,875,70,red,9657,7406
66,2,0,33,30's,190,1499,93,1,0,35,30's,185,457,93,blue,4354,3303
67,2,2,35,30's,182,2186,77,4,1,41,40's,182,870,77,blue,5425,10744
68,1,0,33,30's,185,2205,93,1,0,31,30's,190,1742,93,red,434,3882
69,6,0,34,30's,200,1515,115,9,4,32,30's,190,2082,118,red,16852,14849
70,3,1,30,30's,180,2230,65,2,1,33,30's,172,1864,65,red,3010,6834
71,0,0,27,20's,182,2821,70,4,3,35,30's,177,648,70,red,0,16035
72,7,0,33,30's,185,1806,84,3,0,41,40's,187,235,84,red,11935,14196
73,0,0,35,30's,193,969,120,1,1,36,30's,193,808,120,blue,0,4926
74,0,0,33,30's,185,2205,93,0,0,35,30's,187,1922,93,red,0,0
75,4,0,29,20's,177,1481,70,3,0,31,30's,172,1675,70,blue,4772,9056
76,0,0,24,20's,175,2157,70,0,0,29,20's,175,1983,70,red,0,0
77,3,0,28,20's,198,2064,84,2,0,39,30's,182,653,84,red,9459,809
78,5,4,26,20's,160,1966,61,1,1,26,20's,175,1650,61,blue,18224,724
79,0,0,34,30's,185,2321,111,1,1,30,30's,190,2234,109,red,0,3386
80,5,1,32,30's,180,1272,77,5,1,33,30's,175,1066,77,red,18737,19226
81,3,3,27,20's,167,1511,61,3,1,29,20's,165,2731,61,red,8919,12522
82,0,0,32,30's,172,1980,65,1,0,34,30's,172,1054,65,red,0,6372
83,3,1,29,20's,170,2603,52,4,1,31,30's,162,2350,52,blue,8368,15807
84,1,1,32,30's,167,2207,70,1,1,30,30's,190,1984,70,red,14207,5059
85,4,2,31,30's,167,2339,52,5,1,25,20's,160,2079,52,red,16799,17003
86,1,1,32,30's,182,1422,77,1,1,28,20's,180,2015,77,red,3458,314
87,0,0,31,30's,172,1978,65,0,0,32,30's,185,522,65,red,0,0
88,1,0,23,20's,185,2765,93,2,0,29,20's,187,2367,93,blue,2797,2877
89,2,2,30,30's,167,1907,65,2,1,34,30's,172,1054,65,red,7480,9743
90,0,0,29,20's,180,2297,77,1,1,26,20's,182,2188,77,blue,0,1289
91,0,0,30,30's,165,2255,61,0,0,30,30's,172,2308,61,blue,0,0
92,0,0,37,30's,172,2353,77,1,0,28,20's,187,2282,77,red,0,309
93,1,1,31,30's,180,2582,70,3,2,28,20's,175,2223,70,red,683,6659
94,0,0,37,30's,167,959,61,0,0,30,30's,167,1527,65,red,0,0
95,0,0,30,30's,157,2372,52,0,0,31,30's,167,2339,52,red,0,0
96,4,0,30,30's,175,545,65,4,0,30,30's,167,1527,65,blue,17738,15471
97,0,0,34,30's,182,1594,84,0,0,36,30's,185,419,93,red,0,0
98,0,0,33,30's,187,2736,120,3,1,34,30's,182,2083,112,red,0,3226
99,3,1,39,30's,193,306,120,2,0,37,30's,193,1431,119,red,5097,965
100,4,0,29,20's,182,2104,77,1,0,30,30's,180,2508,77,red,8619,3519
101,1,1,30,30's,177,942,77,2,2,27,20's,182,1176,77,red,7066,6044
102,2,1,29,20's,177,2053,77,2,2,29,20's,185,2269,77,red,8440,5376
103,0,0,29,20's,180,2469,77,2,2,30,30's,177,2288,70,red,0,5709
104,3,1,28,20's,162,2277,52,5,5,29,20's,167,2280,52,red,14662,23485
105,0,0,30,30's,175,2812,70,2,0,26,20's,182,2575,70,blue,0,7266
106,3,0,30,30's,172,2371,56,3,0,27,20's,177,2296,56,red,5147,2723
107,1,0,34,30's,180,2160,77,0,0,36,30's,180,651,77,blue,3477,0
108,4,4,35,30's,167,451,65,3,0,30,30's,170,1052,65,red,18973,13268
109,3,3,29,20's,182,2587,77,5,0,26,20's,180,2247,77,blue,10927,12753
110,3,1,32,30's,167,2010,56,2,2,30,30's,162,2299,56,red,7189,9004
111,1,1,39,30's,182,1866,84,1,1,29,20's,185,1546,84,blue,3345,3771
112,3,1,34,30's,187,2051,84,0,0,35,30's,180,1452,84,red,9369,0
113,2,1,34,30's,167,2748,61,6,0,27,20's,170,2177,61,red,4729,21309
114,2,1,33,30's,175,890,70,2,0,30,30's,177,1069,65,blue,7752,6243
115,4,3,25,20's,180,2172,77,4,2,35,30's,182,2291,77,blue,8622,9624
116,0,0,35,30's,162,2182,61,2,0,24,20's,172,2359,61,red,0,3678
117,1,0,26,20's,182,2780,93,1,1,32,30's,187,2794,93,blue,1318,4730
118,0,0,29,20's,177,1875,77,2,0,32,30's,182,1422,77,red,0,5742
119,1,1,36,30's,172,2356,61,0,0,25,20's,172,2369,61,red,2156,0
120,1,0,31,30's,177,2171,77,1,0,32,30's,190,2020,77,red,2,6182
121,5,0,36,30's,182,432,77,11,3,33,30's,185,1076,77,red,8998,27189
122,2,2,28,20's,175,2529,70,7,2,24,20's,175,2157,70,red,2141,20343
123,1,0,27,20's,180,2377,70,2,0,32,30's,175,520,70,blue,1761,1788
124,3,0,34,30's,180,2160,77,1,0,33,30's,182,2080,77,red,10422,2916
125,0,0,36,30's,175,2041,65,0,0,32,30's,167,2010,56,no contest,0,0
126,1,0,33,30's,185,1806,84,2,0,30,30's,180,1783,77,blue,3429,4384
127,0,0,36,30's,193,808,120,0,0,37,30's,190,377,119,blue,0,0
128,5,4,25,20's,180,2172,77,5,2,30,30's,180,1783,77,blue,9521,9982
129,2,0,36,30's,195,2215,118,1,0,34,30's,182,2083,112,blue,3451,356
130,2,0,35,30's,180,1452,84,4,3,34,30's,182,1594,84,red,3894,15156
131,0,0,34,30's,170,1179,61,2,0,28,20's,177,1755,65,blue,0,6487
132,0,0,33,30's,187,516,93,0,0,32,30's,187,1189,93,blue,0,0
133,6,1,33,30's,172,509,70,5,1,32,30's,177,524,70,blue,10494,9278
134,8,2,25,20's,175,2070,84,4,0,39,30's,182,295,84,blue,30351,3218
135,1,0,34,30's,180,2819,70,7,0,32,30's,180,2316,70,red,2816,23028
136,5,0,33,30's,170,1051,61,4,1,32,30's,170,961,61,red,11305,11750
137,1,0,37,30's,182,2800,70,1,1,32,30's,180,2707,70,red,1381,4876
138,1,1,27,20's,170,2177,61,1,1,34,30's,167,1999,61,blue,4670,5269
139,6,0,27,20's,177,1531,65,2,0,30,30's,177,2042,70,blue,8053,6559
140,0,0,26,20's,182,2188,77,0,0,32,30's,180,2187,77,blue,0,0
141,0,0,28,20's,165,2880,56,1,1,28,20's,165,2823,56,blue,0,3645
142,0,0,24,20's,182,2544,77,0,0,33,30's,177,2319,77,blue,0,0
143,3,1,36,30's,190,1810,84,1,1,29,20's,185,1926,84,red,7501,511
144,0,0,29,20's,175,2295,77,1,1,27,20's,180,2179,70,red,0,2104
145,4,4,30,30's,162,2299,56,4,4,30,30's,160,1495,56,red,17319,18075
146,8,0,33,30's,182,2087,84,1,1,27,20's,182,2831,84,blue,10892,1909
147,4,0,34,30's,165,1034,61,2,0,27,20's,167,2354,61,red,8610,3754
148,2,2,25,20's,170,2325,61,3,0,38,30's,167,1170,61,blue,6027,12633
149,2,0,32,30's,180,2509,77,3,0,30,30's,182,668,77,red,7591,5634
150,0,0,36,30's,185,2732,109,6,1,32,30's,190,2082,118,red,0,7831
151,1,1,37,30's,170,1367,70,2,0,29,20's,175,1983,70,red,4018,4024
152,2,1,27,20's,185,2122,84,1,0,28,20's,190,2302,84,blue,11911,2546
153,3,0,28,20's,172,1340,70,2,1,31,30's,175,542,70,red,8751,7883
154,0,0,26,20's,180,2247,77,0,0,27,20's,182,2248,77,blue,0,0
155,1,1,31,30's,177,1891,70,2,0,29,20's,185,1985,70,red,251,7021
156,0,0,32,30's,180,2509,77,0,0,30,30's,180,2508,77,blue,0,0
157,1,1,32,30's,175,2208,70,2,2,28,20's,180,1814,70,blue,226,5146
158,3,1,28,20's,190,2364,84,2,1,26,20's,182,2780,93,red,4569,5251
159,3,1,25,20's,175,2166,56,3,2,37,30's,162,2196,56,blue,11522,10376
160,1,0,30,30's,172,2314,70,1,0,27,20's,177,2001,70,red,120,989
161,1,0,30,30's,170,2781,61,2,0,32,30's,165,1935,61,blue,2418,4629
162,0,0,32,30's,180,2316,70,1,1,31,30's,180,2243,70,blue,0,357
163,1,0,34,30's,175,2221,61,1,0,30,30's,180,2138,61,blue,2134,4190
164,6,4,38,30's,175,1997,70,5,1,32,30's,172,875,70,blue,17930,11315
165,3,0,37,30's,185,2009,93,7,0,33,30's,190,1499,93,blue,5442,17729
166,1,1,39,30's,190,328,113,6,0,38,30's,193,367,109,blue,6534,7978
167,0,0,34,30's,180,2151,77,0,0,35,30's,177,2131,77,red,0,0
168,7,0,25,20's,180,2172,77,5,1,25,20's,182,2329,77,red,14335,21921
169,0,0,35,30's,190,1883,84,0,0,37,30's,185,896,84,red,0,0
170,5,5,25,20's,180,1936,65,2,0,33,30's,172,1050,65,blue,17565,9765
171,0,0,39,30's,177,330,77,2,0,31,30's,175,965,77,red,0,4235
172,1,1,31,30's,172,1976,70,1,1,28,20's,177,1092,70,blue,3098,674
173,5,2,30,30's,167,2309,61,5,4,32,30's,167,1044,61,blue,13777,10524
174,0,0,35,30's,180,2195,93,3,1,33,30's,182,2087,84,red,0,5218
175,0,0,30,30's,175,545,65,0,0,32,30's,177,1486,65,blue,0,0
176,3,1,29,20's,185,1985,70,4,1,33,30's,172,509,70,blue,11283,8416
177,3,3,27,20's,162,2589,61,6,0,37,30's,167,959,61,blue,11676,20429
178,0,0,31,30's,177,2097,70,0,0,38,30's,175,1997,70,red,0,0
179,2,0,29,20's,175,2130,77,0,0,37,30's,185,379,77,blue,7618,0
180,1,0,31,30's,185,2746,70,4,0,31,30's,172,1675,70,red,345,13613
181,3,0,32,30's,185,1991,84,4,0,32,30's,180,1272,77,red,4183,17842
182,10,2,27,20's,177,2168,70,8,2,31,30's,180,1657,70,red,24097,23840
183,2,1,35,30's,180,471,77,1,1,33,30's,175,947,84,blue,12577,9523
184,1,0,28,20's,167,2542,52,2,0,29,20's,157,2342,52,red,2020,4478
185,1,1,31,30's,165,1380,61,2,0,32,30's,167,1839,61,red,3824,4991
186,2,0,31,30's,162,2084,56,2,2,32,30's,162,911,56,red,5830,9860
187,0,0,32,30's,182,1850,118,0,0,38,30's,190,1163,120,red,0,0
188,0,0,35,30's,177,648,70,1,0,31,30's,180,1657,70,red,0,1217
189,0,0,33,30's,175,501,70,0,0,30,30's,177,1711,70,red,0,0
190,0,0,35,30's,187,2709,77,0,0,32,30's,180,2707,70,red,0,0
191,2,2,30,30's,170,2164,65,2,2,36,30's,175,1706,61,red,6777,3397
192,1,0,29,20's,180,2611,84,2,1,34,30's,175,2027,84,blue,455,1437
193,2,0,29,20's,180,2333,77,2,1,25,20's,180,2588,77,red,2180,5280
194,0,0,31,30's,187,1331,77,4,0,33,30's,175,1066,77,red,0,14128
195,2,0,27,20's,182,2248,77,0,0,32,30's,180,1543,77,red,4873,0
196,0,0,29,20's,175,2727,70,0,0,27,20's,185,2728,65,red,0,0
197,0,0,27,20's,185,2122,84,0,0,34,30's,190,1938,84,red,0,0
198,4,0,36,30's,190,1810,84,0,0,35,30's,185,445,84,blue,7640,0
199,0,0,35,30's,175,2169,65,0,0,30,30's,180,2044,70,blue,0,0
200,2,0,29,20's,172,1858,61,3,0,37,30's,170,1060,61,blue,6129,5299
201,1,1,38,30's,170,750,65,0,0,35,30's,170,459,65,red,1875,0
202,1,0,30,30's,172,2308,61,1,0,30,30's,167,2309,61,blue,376,5912
203,3,1,32,30's,170,533,65,0,0,25,20's,177,2198,65,red,6141,0
204,1,1,33,30's,172,2184,70,1,1,30,30's,180,2093,70,red,4206,5043
205,2,1,26,20's,193,2740,84,7,2,30,30's,187,2264,84,red,2425,12406
206,1,0,33,30's,170,2293,61,1,0,33,30's,167,1618,61,red,3809,3168
207,1,1,29,20's,182,2206,77,0,0,26,20's,182,2855,77,blue,485,0
208,0,0,28,20's,165,2824,70,1,0,27,20's,170,2626,70,blue,0,3592
209,5,0,35,30's,182,2291,77,2,1,29,20's,175,2295,77,blue,10464,6176
210,5,1,37,30's,162,2196,56,5,1,26,20's,165,2103,56,red,14890,17906
211,0,0,36,30's,177,407,77,3,1,37,30's,180,405,77,red,0,9033
212,11,0,29,20's,190,2047,77,5,0,33,30's,175,947,84,blue,35375,26510
213,1,0,26,20's,193,2764,120,1,0,28,20's,190,2770,111,blue,2328,1371
214,4,0,35,30's,185,449,84,6,0,31,30's,187,786,84,red,8199,16198
215,0,0,29,20's,177,2774,70,4,2,33,30's,172,2013,70,red,0,5156
216,2,0,25,20's,175,2166,56,1,1,33,30's,167,2125,56,blue,8428,3687
217,0,0,36,30's,167,2304,61,0,0,28,20's,167,2303,56,blue,0,0
218,2,1,30,30's,167,2099,61,3,3,30,30's,167,1317,61,red,7133,10855
219,0,0,32,30's,172,1184,61,0,0,27,20's,172,1979,61,blue,0,0
220,0,0,27,20's,175,2797,70,2,1,35,30's,167,2074,70,red,0,5833
221,0,0,25,20's,170,2655,65,1,1,27,20's,185,2728,65,blue,0,3825
222,1,1,34,30's,182,1992,77,3,2,29,20's,182,2104,77,blue,3716,5403
223,0,0,33,30's,190,2252,84,1,0,36,30's,187,1694,93,red,0,462
224,3,2,35,30's,165,438,61,2,0,38,30's,170,1860,61,red,8626,2482
225,0,0,30,30's,167,2099,61,0,0,32,30's,167,1839,61,red,0,0
226,0,0,29,20's,213,649,120,2,0,36,30's,193,808,120,red,0,5655
227,0,0,36,30's,170,1401,61,1,1,33,30's,165,2133,61,red,0,5620
228,1,1,27,20's,162,2589,61,2,0,30,30's,167,2191,61,blue,526,1119
229,4,1,31,30's,172,1976,70,1,1,34,30's,177,1493,70,no contest,11084,114
230,0,0,27,20's,167,2583,61,2,0,31,30's,167,1056,56,blue,0,7064
231,1,0,28,20's,175,2843,61,2,0,28,20's,175,2785,61,red,4897,6529
232,3,3,38,30's,190,1163,120,3,0,34,30's,200,1515,115,red,2367,8546
233,0,0,35,30's,170,2811,63,1,1,31,30's,172,1194,63,red,0,691
234,6,1,36,30's,182,435,84,6,0,34,30's,182,1594,84,blue,7431,23073
235,2,1,37,30's,180,1781,84,4,1,31,30's,187,786,84,red,1732,9759
236,0,0,38,30's,177,1296,77,0,0,29,20's,185,2656,77,red,0,0
237,3,0,29,20's,177,2053,77,3,0,41,40's,182,870,77,red,12215,6539
238,0,0,26,20's,162,2253,56,0,0,33,30's,167,2125,56,red,0,0
239,1,1,26,20's,177,2586,77,1,1,26,20's,190,2739,77,blue,3227,3585
240,3,2,35,30's,177,648,70,3,1,32,30's,177,524,70,blue,10616,5059
241,3,0,29,20's,177,2192,61,1,0,31,30's,170,2183,61,red,6118,3367
242,1,0,37,30's,167,2357,61,2,0,34,30's,167,1999,61,blue,2148,7415
243,3,3,30,30's,193,2659,113,7,0,38,30's,193,367,109,blue,3290,10530
244,2,0,27,20's,170,2054,61,0,0,30,30's,162,2299,56,red,591,0
245,3,3,27,20's,154,2340,52,2,1,24,20's,165,2344,52,red,13598,3112
246,3,0,35,30's,185,2227,77,5,0,32,30's,182,1820,77,blue,6949,7047
247,2,1,27,20's,193,2323,77,3,1,35,30's,182,2291,77,red,1127,5789
248,3,3,33,30's,187,502,77,4,2,37,30's,180,405,77,red,5063,12263
249,2,2,27,20's,167,1511,61,2,0,34,30's,167,2017,61,blue,5326,3565
250,0,0,27,20's,177,2168,70,0,0,36,30's,177,1478,70,blue,0,0
251,1,0,29,20's,170,2259,65,1,1,29,20's,170,1993,65,red,1728,652
252,0,0,35,30's,172,1689,61,0,0,33,30's,170,1051,61,red,0,0
253,4,0,36,30's,177,407,77,4,3,35,30's,167,2074,70,red,13892,13802
254,2,2,31,30's,160,2678,52,3,2,24,20's,165,2344,52,blue,9086,7080
255,0,0,46,40's,180,129,84,0,0,35,30's,185,457,93,blue,0,0
256,0,0,32,30's,172,875,70,0,0,37,30's,172,374,65,blue,0,0
257,1,0,31,30's,167,1056,56,1,0,34,30's,165,1034,61,red,4049,675
258,0,0,31,30's,190,2753,113,0,0,32,30's,190,2425,120,red,0,0
259,3,3,33,30's,177,514,70,3,3,33,30's,180,1815,70,red,11378,6959
260,4,3,36,30's,187,1694,93,3,1,33,30's,190,1499,93,red,12899,4589
261,0,0,28,20's,177,1919,70,0,0,32,30's,175,532,70,blue,0,0
262,0,0,27,20's,170,2705,65,0,0,26,20's,177,2704,65,blue,0,0
263,2,1,28,20's,172,1719,61,3,0,36,30's,167,2022,61,blue,2675,7971
264,0,0,32,30's,180,525,77,1,1,25,20's,190,2510,77,red,0,1149
265,1,1,27,20's,167,1511,61,3,0,30,30's,167,2099,61,blue,1746,10507
266,1,1,36,30's,182,432,77,2,0,33,30's,175,947,84,red,4116,17176
267,0,0,27,20's,182,2159,70,2,0,27,20's,177,2168,70,red,0,769
268,3,0,37,30's,182,372,84,4,0,33,30's,187,507,93,blue,6420,8258
269,1,1,27,20's,182,2263,77,2,2,30,30's,177,2222,70,red,4233,5526
270,0,0,30,30's,175,2421,65,1,1,26,20's,172,2213,65,red,0,4204
271,1,1,38,30's,175,1997,70,0,0,29,20's,185,1985,70,red,4010,0
272,1,0,31,30's,187,2761,112,1,0,32,30's,187,2767,114,blue,802,1697
273,1,1,36,30's,182,2174,77,1,1,36,30's,185,2100,77,blue,4651,4381
274,1,0,24,20's,177,2795,65,2,0,27,20's,170,2705,65,red,3820,8958
275,6,0,30,30's,180,2230,65,3,0,28,20's,180,1974,65,red,7388,3817
276,1,1,33,30's,172,1050,65,1,1,35,30's,167,451,65,red,7149,5841
277,5,0,27,20's,170,2177,61,2,0,34,30's,165,1039,61,red,17766,8247
278,1,1,29,20's,177,2422,65,4,0,28,20's,177,1755,65,red,3757,9193
279,2,1,25,20's,162,2306,52,1,1,32,30's,162,2343,52,red,6376,2059
280,0,0,34,30's,193,1161,111,0,0,38,30's,193,367,109,red,0,0
281,0,0,23,20's,180,2786,84,5,1,36,30's,190,1810,84,red,0,12337
282,4,0,32,30's,175,2208,70,4,3,28,20's,175,2223,70,blue,5837,10384
283,4,2,36,30's,195,2215,118,2,2,30,30's,193,2659,113,red,8026,2965
284,2,2,34,30's,182,1944,77,3,1,31,30's,175,965,77,blue,5047,6181
285,0,0,31,30's,167,1484,65,1,1,30,30's,170,1052,65,red,0,6573
286,0,0,26,20's,175,2211,61,0,0,28,20's,170,2240,61,red,0,0
287,3,3,39,30's,182,1866,84,4,0,38,30's,185,346,84,blue,10372,12745
288,7,1,40,40's,182,1015,119,1,1,28,20's,200,2492,113,red,20650,3416
289,1,1,28,20's,175,2529,70,4,1,31,30's,177,1982,70,blue,1482,11626
290,1,0,34,30's,167,2748,61,5,0,36,30's,167,2304,61,blue,1042,16822
291,2,2,30,30's,190,1984,70,2,2,22,20's,175,2258,70,blue,9091,5994
292,2,1,29,20's,177,1481,70,2,2,31,30's,177,1982,70,blue,2744,6258
293,7,0,32,30's,180,1272,77,8,0,32,30's,172,875,70,blue,35162,22237
294,3,1,36,30's,170,2332,56,5,1,23,20's,167,2118,56,red,8652,19021
295,0,0,32,30's,177,2361,65,0,0,28,20's,172,2360,65,red,0,0
296,1,0,35,30's,167,2074,70,2,1,31,30's,182,2261,70,blue,3047,10031
297,0,0,34,30's,175,1386,77,0,0,32,30's,187,663,77,blue,0,0
298,0,0,35,30's,203,2194,115,0,0,32,30's,190,2082,118,red,0,0
299,0,0,30,30's,170,1970,56,5,5,30,30's,160,1495,56,red,0,18973
300,0,0,34,30's,177,1817,70,0,0,28,20's,180,1814,70,red,0,0
301,0,0,29,20's,190,2072,84,1,1,30,30's,187,2061,93,red,0,4948
302,0,0,31,30's,182,2241,84,1,0,35,30's,187,2218,84,red,0,245
303,7,7,33,30's,180,1815,70,7,0,32,30's,175,532,70,blue,16931,19556
304,3,3,35,30's,177,2131,77,5,5,29,20's,190,2047,77,red,4473,18462
305,1,1,34,30's,175,1386,77,1,1,27,20's,182,1176,77,red,1925,4539
306,1,0,31,30's,162,1913,61,2,0,30,30's,170,2189,61,blue,3140,5808
307,4,4,33,30's,180,1815,70,2,0,38,30's,177,356,70,blue,7844,9314
308,2,2,28,20's,177,2373,65,1,1,23,20's,172,2570,65,red,3824,13523
309,0,0,25,20's,160,2792,52,0,0,26,20's,165,2791,52,red,0,0
310,2,2,38,30's,180,1409,93,1,1,29,20's,193,549,93,red,5905,8705
311,2,1,35,30's,165,438,61,3,0,34,30's,165,1034,61,blue,4927,5491
312,1,0,36,30's,170,1401,61,1,0,28,20's,172,1719,61,red,1407,2104
313,2,2,34,30's,193,1852,109,0,0,33,30's,193,535,108,red,5412,0
314,3,3,26,20's,172,2154,65,1,1,27,20's,180,2375,65,red,8425,2537
315,5,5,39,30's,182,1866,84,3,0,32,30's,187,1769,84,blue,16707,12059
316,3,0,32,30's,187,663,77,5,4,39,30's,185,326,77,red,13980,20110
317,2,0,34,30's,167,1882,61,3,1,28,20's,177,2274,56,red,5531,8405
318,4,1,27,20's,177,2296,56,6,2,32,30's,162,2095,56,red,4806,16610
319,1,1,27,20's,170,2054,61,0,0,35,30's,180,454,61,red,262,0
320,1,0,26,20's,172,2238,65,1,1,32,30's,170,533,65,blue,74,1773
321,0,0,32,30's,182,2802,70,4,0,30,30's,182,2507,70,blue,0,9744
322,0,0,34,30's,167,1999,61,0,0,30,30's,175,2088,61,blue,0,0
323,0,0,30,30's,180,1916,65,0,0,33,30's,170,1994,65,red,0,0
324,0,0,32,30's,165,1091,56,1,1,38,30's,167,1170,61,blue,0,4705
325,3,1,26,20's,165,2210,61,4,3,32,30's,167,1044,61,red,8370,8043
326,1,1,29,20's,172,2266,61,4,3,26,20's,160,1966,61,red,663,13641
327,1,0,27,20's,175,2797,70,1,0,27,20's,187,2815,70,red,2687,545
328,0,0,27,20's,165,2235,61,1,0,30,30's,167,2260,61,blue,0,2056
329,4,1,34,30's,187,2300,93,3,0,30,30's,195,1139,93,red,10723,8899
330,0,0,34,30's,180,2730,70,0,0,30,30's,172,1622,70,red,0,0
331,0,0,35,30's,180,471,77,0,0,33,30's,175,947,84,red,0,0
332,1,1,27,20's,190,2281,93,2,0,35,30's,185,457,93,red,5280,3441
333,0,0,29,20's,167,2091,56,0,0,26,20's,165,2103,56,red,0,0
334,0,0,29,20's,170,2603,52,2,0,31,30's,167,2339,52,red,0,6464
335,0,0,30,30's,190,2234,109,0,0,26,20's,190,2233,109,blue,0,0
336,2,0,29,20's,165,2731,61,3,0,35,30's,172,2317,65,blue,6113,10824
337,2,1,39,30's,182,295,84,4,0,37,30's,185,896,84,red,1199,11925
338,1,1,24,20's,177,2822,70,2,1,27,20's,180,2377,70,blue,2445,2098
339,1,0,33,30's,172,2265,56,2,0,28,20's,177,2274,56,red,230,3975
340,0,0,36,30's,182,435,84,1,1,32,30's,190,1294,84,red,0,656
341,0,0,29,20's,180,2370,84,1,0,34,30's,182,1827,84,red,0,761
342,0,0,26,20's,172,2292,70,2,0,32,30's,167,2207,70,red,0,17895
343,2,2,34,30's,170,2256,56,1,1,25,20's,170,2465,52,blue,5602,546
344,0,0,34,30's,175,778,70,0,0,30,30's,177,1069,65,red,0,0
345,1,1,32,30's,177,2726,65,3,1,37,30's,172,374,65,blue,3876,8513
346,0,0,30,30's,177,2288,70,0,0,28,20's,180,2129,77,blue,0,0
347,0,0,36,30's,167,2347,52,1,1,31,30's,160,2678,52,red,0,3979
348,1,1,29,20's,180,2297,77,1,0,30,30's,182,2250,77,blue,574,1443
349,0,0,31,30's,170,2310,77,0,0,35,30's,182,2186,77,red,0,0
350,0,0,33,30's,172,1864,65,0,0,29,20's,172,1858,61,red,0,0
351,3,3,27,20's,177,2262,70,2,1,33,30's,180,1871,70,blue,9417,4539
352,0,0,35,30's,190,2803,84,0,0,31,30's,182,2272,84,blue,0,0
353,0,0,26,20's,167,2859,56,0,0,26,20's,165,2858,56,red,0,0
354,3,0,26,20's,177,2429,70,2,0,33,30's,175,2558,70,red,9419,7049
355,0,0,28,20's,180,2778,77,6,1,35,30's,182,2291,77,red,0,11333
356,3,1,27,20's,167,2354,61,1,1,30,30's,165,2255,61,blue,6287,126
357,5,1,32,30's,180,2316,70,2,1,36,30's,177,407,77,blue,17084,6583
358,0,0,25,20's,170,2465,52,1,1,31,30's,167,2339,52,blue,0,5991
359,1,1,29,20's,175,2121,84,1,1,28,20's,185,2224,84,red,3924,1343
360,4,4,28,20's,175,2057,70,2,2,30,30's,170,1052,65,blue,6994,13209
361,2,0,41,40's,187,235,84,5,2,38,30's,180,1409,93,red,12266,22565
362,1,0,40,40's,180,2226,77,1,0,29,20's,177,2229,77,blue,464,480
363,1,0,34,30's,175,2123,65,1,0,31,30's,180,2214,65,red,154,3230
364,5,2,38,30's,185,368,84,1,0,41,40's,187,235,84,blue,18820,6460
365,0,0,30,30's,172,2574,70,0,0,28,20's,172,2573,70,red,0,0
366,1,0,34,30's,180,2366,104,3,0,37,30's,187,375,109,red,2157,7215
367,2,1,35,30's,177,648,70,3,1,32,30's,172,875,70,blue,6590,5313
368,2,2,27,20's,177,1531,65,6,6,25,20's,180,1936,65,red,2335,19294
369,3,1,37,30's,193,1431,119,3,0,43,40's,177,735,120,red,2101,7221
370,0,0,27,20's,165,2134,56,3,2,23,20's,167,2118,56,blue,0,13033
371,1,0,28,20's,180,2129,77,1,0,30,30's,182,2107,77,red,4070,2242
372,3,2,34,30's,182,1594,84,2,2,32,30's,182,2069,84,blue,11378,5072
373,1,0,30,30's,182,2747,84,3,0,35,30's,180,1452,84,draw,3468,6214
374,1,1,27,20's,177,2296,56,2,1,33,30's,170,2165,61,red,304,6128
375,2,1,24,20's,175,2157,70,0,0,35,30's,167,2074,70,blue,8610,0
376,2,0,27,20's,185,2173,77,2,0,32,30's,182,1820,77,red,7557,2824
377,8,2,33,30's,187,1952,77,7,2,29,20's,180,2469,77,no contest,21609,16581
378,5,0,23,20's,162,2217,56,7,0,25,20's,175,2166,56,blue,13851,21830
379,2,2,33,30's,175,2128,65,3,0,32,30's,177,1486,65,red,4723,11472
380,2,0,28,20's,182,2228,77,2,0,35,30's,182,2291,77,red,5452,5148
381,3,2,32,30's,172,1980,65,3,0,33,30's,172,1050,65,red,9605,10937
382,0,0,37,30's,182,2800,70,1,1,28,20's,175,2734,70,red,0,1810
383,1,0,37,30's,182,387,84,4,2,37,30's,187,1968,93,red,3448,15475
384,4,1,30,30's,167,2309,61,1,1,30,30's,172,2358,61,blue,13409,1630
385,3,0,31,30's,172,2190,65,1,0,27,20's,182,2254,65,red,7959,3921
386,0,0,30,30's,175,2330,65,0,0,38,30's,170,366,65,red,0,0
387,0,0,34,30's,182,1827,84,1,1,32,30's,182,2069,84,red,0,3924
388,1,1,24,20's,180,2807,65,4,0,33,30's,170,1994,65,blue,3517,6390
389,3,0,30,30's,187,2061,93,2,1,38,30's,185,2245,84,red,9386,3666
390,1,0,36,30's,195,2799,120,1,1,23,20's,187,2658,110,red,4195,2717
391,2,0,32,30's,160,2352,52,6,2,25,20's,160,2079,52,red,3262,18508
392,5,3,30,30's,172,2023,70,4,2,31,30's,180,2243,70,blue,18102,9052
393,7,0,32,30's,182,2069,84,9,3,31,30's,187,786,84,red,13282,24665
394,2,1,33,30's,185,1806,84,1,1,36,30's,185,419,93,blue,7837,3348
395,2,2,30,30's,182,668,77,1,0,37,30's,185,1549,77,red,5249,957
396,3,1,33,30's,175,2558,70,1,1,32,30's,172,2773,70,red,11193,3931
397,6,0,34,30's,182,1944,77,6,0,34,30's,175,1386,77,red,19829,13101
398,3,1,32,30's,172,1184,61,4,4,27,20's,170,2177,61,blue,10015,14827
399,2,2,35,30's,185,2227,77,2,2,26,20's,180,2247,77,red,5366,6456
400,0,0,30,30's,177,2042,70,7,1,32,30's,172,875,70,blue,0,18654
401,2,0,31,30's,165,2328,52,2,0,31,30's,170,2710,52,blue,6854,7923
402,0,0,37,30's,165,2462,56,2,0,27,20's,165,2134,56,red,0,1990
403,3,3,27,20's,182,1176,77,3,2,35,30's,180,471,77,red,9382,19525
404,6,4,33,30's,182,2087,84,7,1,31,30's,187,786,84,red,9703,20656
405,0,0,33,30's,175,2558,70,0,0,29,20's,175,2378,70,blue,0,0
406,1,0,35,30's,203,2194,115,1,0,32,30's,182,1850,118,red,906,1302
407,4,0,32,30's,177,524,70,0,0,35,30's,177,461,70,blue,8601,0
408,2,2,25,20's,175,2070,84,1,0,31,30's,175,965,77,blue,8125,3285
409,0,0,29,20's,170,1906,65,0,0,28,20's,175,2057,70,red,0,0
410,2,0,25,20's,177,2466,70,5,0,29,20's,177,2313,70,blue,2646,12003
411,0,0,39,30's,187,2197,112,0,0,39,30's,193,306,120,red,0,0
412,5,5,26,20's,185,2204,77,4,4,29,20's,182,2587,77,red,17458,15601
413,0,0,29,20's,175,2289,65,0,0,34,30's,177,2287,70,blue,0,0
414,0,0,27,20's,185,2242,65,0,0,34,30's,175,2123,65,blue,0,0
415,2,2,29,20's,185,1926,84,1,1,29,20's,190,2066,84,red,764,1171
416,5,2,31,30's,175,2073,70,3,1,31,30's,180,2243,70,red,10758,5013
417,4,1,31,30's,175,2073,70,3,2,31,30's,175,542,70,blue,7611,8058
418,2,0,30,30's,193,546,84,5,0,37,30's,182,372,84,red,3362,8409
419,2,2,33,30's,177,514,70,2,1,30,30's,180,2036,70,blue,7700,6624
420,0,0,41,40's,177,1953,77,2,1,40,40's,180,2226,77,blue,0,1687
421,2,2,38,30's,193,367,109,2,1,34,30's,200,1515,115,blue,1422,7387
422,0,0,32,30's,160,2352,52,1,1,27,20's,154,2340,52,red,0,5224
423,4,3,25,20's,180,2588,77,6,2,25,20's,182,2329,77,red,6031,25148
424,0,0,25,20's,175,2784,70,6,6,33,30's,180,1815,70,red,0,14526
425,6,3,33,30's,177,2060,93,4,0,33,30's,187,503,93,red,4796,12884
426,0,0,30,30's,180,2036,70,0,0,37,30's,182,2078,70,draw,0,0
427,0,0,26,20's,165,2610,56,3,2,23,20's,162,2217,56,red,0,6889
428,2,1,29,20's,177,2192,61,1,0,35,30's,165,438,61,red,2927,2652
429,0,0,29,20's,175,2130,77,0,0,29,20's,177,2053,77,blue,0,0
430,0,0,30,30's,180,2826,77,3,0,36,30's,177,407,77,blue,0,10087
431,7,0,30,30's,187,1550,84,2,2,39,30's,182,2324,84,red,17504,7150
432,1,1,29,20's,167,2280,52,1,1,28,20's,162,2277,52,blue,4317,5606
433,4,0,30,30's,177,942,77,3,1,35,30's,187,455,77,red,17410,4303
434,2,1,26,20's,177,2119,65,2,2,29,20's,170,1993,65,red,8076,1560
435,1,0,33,30's,162,2016,56,1,0,37,30's,162,2196,56,red,52,2964
436,3,1,36,30's,175,2041,65,4,1,31,30's,172,1978,65,red,6730,8938
437,3,1,27,20's,190,2281,93,4,1,37,30's,185,2009,93,red,12707,6987
438,0,0,24,20's,180,2312,65,2,2,25,20's,180,1936,65,red,0,6815
439,4,0,28,20's,190,2302,84,3,0,27,20's,185,2030,84,red,9151,9348
440,2,1,30,30's,172,2308,61,3,3,25,20's,170,2325,61,red,1057,7439
441,0,0,32,30's,165,2577,61,0,0,34,30's,170,2571,61,red,0,0
442,2,0,37,30's,172,2276,61,3,0,30,30's,170,2164,65,blue,749,10514
443,4,2,33,30's,167,2007,56,1,1,32,30's,162,911,56,red,10286,5281
444,5,3,38,30's,175,1997,70,3,3,30,30's,177,2222,70,blue,17050,9757
445,0,0,33,30's,162,2178,61,0,0,32,30's,165,1935,61,red,0,0
446,0,0,27,20's,162,2589,61,2,1,31,30's,162,1913,61,blue,0,3815
447,1,1,28,20's,177,1755,65,1,0,37,30's,167,959,61,red,4491,1047
448,4,0,33,30's,187,502,77,3,1,32,30's,180,1543,77,blue,6552,9185
449,1,1,35,30's,180,1452,84,3,1,27,20's,187,2246,84,no contest,3840,9224
450,4,4,29,20's,177,2313,70,3,1,30,30's,172,2023,70,red,9315,10660
451,0,0,30,30's,180,2239,70,0,0,32,30's,180,2019,70,red,0,0
452,0,0,33,30's,187,2827,109,1,1,28,20's,193,2788,109,red,0,4780
453,0,0,26,20's,0,2875,111,1,0,33,30's,187,2827,109,red,0,386
454,0,0,28,20's,175,2529,70,2,0,29,20's,175,2089,70,blue,0,7554
455,2,1,34,30's,175,2221,61,1,0,30,30's,167,2099,61,red,3389,3743
456,1,1,38,30's,185,346,84,0,0,32,30's,187,1769,84,red,5635,0
457,3,1,30,30's,167,1527,65,3,3,31,30's,167,1905,61,red,11490,22707
458,1,0,28,20's,180,2778,77,2,0,32,30's,185,2334,77,blue,4425,4281
459,0,0,32,30's,177,2762,70,1,1,33,30's,180,2101,70,red,0,4193
460,1,0,26,20's,165,2610,56,2,1,25,20's,167,2311,56,blue,1286,7563
461,0,0,35,30's,187,2218,84,0,0,29,20's,185,1926,84,red,0,0
462,2,0,32,30's,190,2425,120,6,0,34,30's,182,2083,112,blue,7492,10842
463,0,0,31,30's,175,542,70,1,0,37,30's,182,2078,70,red,0,2955
464,2,1,26,20's,160,1966,61,1,1,32,30's,165,1091,56,blue,9271,4210
465,0,0,32,30's,182,1422,77,0,0,33,30's,180,1871,70,blue,0,0
466,0,0,27,20's,175,2271,65,1,0,34,30's,177,915,70,red,0,1182
467,1,1,25,20's,172,2335,65,3,2,32,30's,175,2193,65,blue,3345,8304
468,4,4,29,20's,190,2047,77,0,0,25,20's,180,2077,77,blue,14380,0
469,3,3,39,30's,182,2324,84,2,0,37,30's,182,387,84,blue,11338,3902
470,0,0,30,30's,193,546,84,2,2,29,20's,190,2066,84,blue,0,1989
471,2,0,30,30's,175,2202,65,2,0,32,30's,185,522,65,no contest,3582,5561
472,0,0,32,30's,190,2200,77,1,0,39,30's,185,326,77,red,0,4677
473,5,1,28,20's,177,1755,65,3,0,32,30's,185,522,65,blue,13292,7383
474,5,0,37,30's,193,1431,119,6,0,40,40's,182,1015,119,red,2955,18359
475,3,0,32,30's,170,961,61,4,0,36,30's,167,2304,61,blue,8674,13561
476,2,2,39,30's,193,308,104,0,0,34,30's,185,497,109,blue,9507,0
477,3,0,28,20's,167,2345,52,4,0,27,20's,154,2340,52,red,7058,17448
478,2,1,32,30's,172,2185,70,1,1,30,30's,177,2222,70,red,4578,1498
479,2,1,26,20's,190,2233,109,5,0,32,30's,190,2082,118,red,8164,5652
480,5,0,30,30's,190,1984,70,5,3,33,30's,172,2013,70,blue,14986,8538
481,2,1,38,30's,177,1296,77,6,1,32,30's,182,1422,77,red,5048,16696
482,0,0,39,30's,182,295,84,1,1,32,30's,187,1769,84,red,0,7005
483,0,0,36,30's,172,1078,77,2,0,33,30's,185,2055,77,red,0,5078
484,1,0,33,30's,175,2145,70,4,2,32,30's,167,2207,70,red,886,25369
485,1,1,30,30's,162,2299,56,3,0,35,30's,160,1253,56,blue,4616,9320
486,1,0,36,30's,177,1478,70,0,0,37,30's,175,1061,70,red,337,0
487,5,1,25,20's,175,2070,84,9,1,29,20's,190,2047,77,red,16886,28972
488,5,0,24,20's,175,2157,70,4,0,31,30's,175,542,70,blue,14644,11427
489,1,1,28,20's,182,2216,65,0,0,28,20's,182,2048,65,red,668,0
490,2,2,28,20's,185,2789,84,2,1,28,20's,193,1843,84,red,8818,4367
491,4,2,36,30's,193,808,120,1,1,33,30's,193,535,108,blue,10557,8034
492,1,1,28,20's,177,2373,65,1,1,29,20's,170,2035,65,blue,110,383
493,5,0,38,30's,193,367,109,5,3,36,30's,193,808,120,red,6635,12727
494,2,0,32,30's,172,1184,61,2,0,32,30's,170,961,61,blue,5688,4626
495,0,0,29,20's,185,2604,70,1,0,29,20's,180,2503,70,red,0,3235
496,7,7,29,20's,190,2047,77,3,2,39,30's,185,326,77,red,24185,14832
497,0,0,29,20's,185,637,77,0,0,35,30's,187,455,77,red,0,0
498,0,0,30,30's,162,2881,52,1,1,29,20's,162,2870,52,red,0,962
499,3,2,33,30's,187,1952,77,2,1,28,20's,187,2282,77,blue,11585,5197
500,0,0,28,20's,180,1851,77,0,0,37,30's,182,1454,77,blue,0,0
501,0,0,31,30's,185,2746,70,3,3,29,20's,177,2313,70,red,0,7889
502,1,0,27,20's,152,2808,52,3,0,30,30's,157,2372,52,blue,3425,12478
503,1,0,28,20's,193,1843,84,2,0,30,30's,182,2747,84,blue,2477,7099
504,0,0,23,20's,182,2783,84,1,0,32,30's,190,2766,84,blue,0,1228
505,1,0,29,20's,190,2779,77,5,0,28,20's,182,2228,77,blue,1390,14072
506,2,0,34,30's,177,1910,61,1,0,32,30's,167,1044,61,red,293,67
507,7,2,36,30's,182,435,84,5,1,37,30's,185,896,84,red,8283,13642
508,2,2,30,30's,180,2093,70,1,0,30,30's,182,2507,70,red,8917,1286
509,0,0,30,30's,182,2747,84,2,1,37,30's,185,2085,93,red,0,7039
510,0,0,26,20's,165,2210,61,0,0,33,30's,175,1912,61,blue,0,0
511,2,1,29,20's,182,2104,77,1,1,36,30's,182,1209,77,blue,4157,4174
512,0,0,30,30's,185,2849,93,5,0,31,30's,190,1742,93,red,0,13484
513,1,1,31,30's,160,1347,52,1,1,22,20's,162,2305,52,blue,3642,1523
514,2,0,26,20's,165,2210,61,2,0,30,30's,167,2309,61,blue,3808,6246
515,6,0,43,40's,177,735,120,7,0,36,30's,193,808,120,red,11122,15233
516,1,1,33,30's,167,2007,56,0,0,32,30's,160,1904,61,red,3206,0
517,0,0,28,20's,182,2209,77,0,0,30,30's,182,668,77,red,0,0
518,4,2,29,20's,185,1985,70,7,5,27,20's,177,2168,70,blue,13103,17211
519,1,1,34,30's,165,2341,52,3,3,29,20's,167,2280,52,red,4512,10432
520,5,0,27,20's,177,1531,65,5,0,34,30's,172,1054,65,red,6445,14970
521,6,3,38,30's,185,368,84,5,5,32,30's,190,1294,84,blue,26013,10442
522,2,0,33,30's,175,515,65,1,0,27,20's,182,2821,70,red,6941,3314
523,3,0,28,20's,180,2778,77,4,2,26,20's,190,2739,77,blue,9109,8455
524,1,1,30,30's,170,2147,61,0,0,26,20's,165,2298,56,blue,4146,0
525,0,0,28,20's,180,1596,77,0,0,41,40's,182,870,77,red,0,0
526,1,1,35,30's,172,941,65,0,0,33,30's,180,1815,70,red,3935,0
527,1,1,28,20's,175,2785,61,2,1,33,30's,167,1618,61,red,3444,6840
528,2,1,24,20's,180,2312,65,1,1,28,20's,172,2360,65,red,9270,2133
529,3,0,34,30's,187,2300,93,0,0,38,30's,182,966,93,blue,5937,0
530,5,2,33,30's,177,2060,93,4,1,31,30's,190,1742,93,blue,1477,10501
531,1,0,30,30's,177,2701,77,3,0,21,20's,182,2628,70,red,3348,3794
532,1,1,34,30's,167,2017,61,2,2,30,30's,170,1828,61,red,3528,596
533,1,1,31,30's,180,2585,70,1,1,28,20's,172,2573,70,red,2833,3898
534,1,0,31,30's,165,2328,52,0,0,28,20's,165,2697,52,red,2587,0
535,4,2,29,20's,170,2603,52,4,0,28,20's,162,2277,52,red,9494,20858
536,2,0,29,20's,190,2199,93,3,0,33,30's,177,2060,93,red,6193,1088
537,4,0,35,30's,170,459,65,3,2,26,20's,172,2238,65,red,7246,5566
538,1,0,32,30's,172,1980,65,2,1,32,30's,177,1486,65,blue,3218,8466
539,2,1,31,30's,180,2214,65,1,0,27,20's,175,2153,65,blue,3899,934
540,4,0,32,30's,167,2010,56,4,0,26,20's,165,2103,56,red,10821,13388
541,0,0,33,30's,185,2055,77,0,0,34,30's,170,646,77,blue,0,0
542,0,0,25,20's,162,2306,52,1,0,38,30's,160,2346,52,red,0,752
543,1,1,33,30's,180,2337,93,2,1,23,20's,185,2765,93,blue,848,7791
544,0,0,34,30's,165,1034,61,0,0,31,30's,165,2011,56,red,0,0
545,0,0,25,20's,190,2510,77,5,0,29,20's,185,2269,77,blue,0,15983
546,0,0,23,20's,152,2835,52,5,0,34,30's,170,2256,56,blue,0,20835
547,0,0,31,30's,177,2171,77,0,0,32,30's,182,1820,77,red,0,0
548,5,5,33,30's,180,1815,70,5,1,31,30's,180,1657,70,blue,11917,13421
549,1,0,32,30's,167,2010,56,0,0,29,20's,180,2136,61,red,511,0
550,0,0,33,30's,182,197,70,0,0,32,30's,180,1272,77,red,0,0
551,1,1,25,20's,187,2750,77,0,0,38,30's,185,2796,77,blue,191,0
552,0,0,34,30's,180,2819,70,0,0,24,20's,180,2807,65,red,0,0
553,10,4,31,30's,187,786,84,4,0,32,30's,187,1769,84,blue,25906,14200
554,0,0,33,30's,182,467,93,2,1,31,30's,190,1742,93,blue,0,8090
555,0,0,32,30's,162,2095,56,0,0,36,30's,175,1706,61,red,0,0
556,3,3,30,30's,190,1984,70,1,1,26,20's,182,2575,70,blue,10118,3232
557,0,0,24,20's,177,2822,70,2,0,26,20's,172,2292,70,blue,0,4371
558,0,0,33,30's,175,2128,65,0,0,31,30's,170,1932,65,blue,0,0
559,0,0,31,30's,175,2073,70,2,0,38,30's,175,1997,70,red,0,6097
560,2,1,36,30's,182,435,84,2,2,35,30's,185,449,84,red,2088,1531
561,0,0,28,20's,187,2856,93,3,0,27,20's,190,2768,93,blue,0,6798
562,1,1,34,30's,165,1039,61,5,0,31,30's,167,1905,61,red,4445,35628
563,1,0,36,30's,167,2347,52,0,0,23,20's,165,2814,52,red,4458,0
564,1,0,34,30's,185,2321,111,2,2,30,30's,187,2105,120,red,3224,5645
565,1,0,38,30's,172,1824,70,0,0,38,30's,172,721,70,red,2023,0
566,1,0,27,20's,185,2030,84,1,0,37,30's,185,2062,84,blue,3123,602
567,5,3,29,20's,175,1983,70,3,3,32,30's,180,1272,77,blue,10822,13559
569,2,1,37,30's,185,2009,93,3,0,33,30's,187,516,93,red,4659,7063
570,0,0,29,20's,180,2333,77,0,0,33,30's,177,878,77,blue,0,0
571,0,0,30,30's,187,2264,84,1,0,34,30's,185,2005,84,red,0,3887
572,0,0,28,20's,175,2785,61,3,1,33,30's,170,2293,61,blue,0,12658
573,3,0,29,20's,177,2290,84,2,0,28,20's,190,2302,84,red,4194,4871
574,8,3,33,30's,172,509,70,6,0,28,20's,175,1595,70,red,17808,5114
575,5,2,31,30's,172,1978,65,3,0,28,20's,172,2360,65,red,12432,6352
576,8,3,35,30's,182,2291,77,4,4,28,20's,180,2015,77,red,19589,5401
577,1,0,26,20's,177,2429,70,3,0,32,30's,172,2185,70,blue,1234,7524
578,0,0,30,30's,177,1683,70,1,0,38,30's,177,356,70,blue,0,5336
579,5,3,37,30's,187,1968,93,5,2,33,30's,187,516,93,red,15943,9200
580,0,0,24,20's,165,2848,52,4,0,35,30's,165,2279,52,red,0,14412
581,2,1,30,30's,177,2232,61,2,1,23,20's,167,2118,56,red,5928,8295
582,1,0,34,30's,182,485,84,2,0,37,30's,180,405,77,red,216,5360
583,2,2,29,20's,167,2280,52,1,1,29,20's,154,2338,52,blue,7776,4176
584,2,1,34,30's,180,2160,77,1,1,29,20's,185,2269,77,red,6940,1687
585,3,0,29,20's,175,2089,70,3,2,29,20's,180,2469,77,red,10111,5657
586,3,3,27,20's,177,2502,70,2,2,33,30's,180,2101,70,red,6574,8559
587,1,1,28,20's,180,1974,65,4,4,33,30's,185,1076,77,red,496,9668
588,1,0,32,30's,175,520,70,2,0,32,30's,172,875,70,red,78,3807
589,0,0,30,30's,154,2278,61,1,1,30,30's,167,1317,61,red,0,3684
590,0,0,24,20's,170,2126,61,0,0,30,30's,175,1143,56,blue,0,0
591,0,0,33,30's,182,2579,77,2,1,29,20's,180,2469,77,red,0,2919
592,0,0,37,30's,167,2357,61,0,0,36,30's,172,2356,61,red,0,0
593,2,0,27,20's,165,2235,61,0,0,39,30's,167,2376,61,red,3054,0
594,2,0,43,40's,177,735,120,3,0,34,30's,193,1852,109,red,4020,12246
595,0,0,30,30's,175,2202,65,0,0,28,20's,175,2201,65,blue,0,0
596,4,0,33,30's,177,1655,77,2,0,38,30's,180,347,77,red,11385,876
597,2,0,36,30's,175,2041,65,0,0,27,20's,172,2504,61,blue,4373,0
598,2,0,29,20's,175,2289,65,3,0,24,20's,180,2312,65,blue,5563,13445
599,2,1,33,30's,195,2106,113,0,0,35,30's,190,2424,106,red,3662,0
600,3,0,38,30's,180,1409,93,2,2,33,30's,187,516,93,blue,11469,5242
601,1,0,24,20's,177,2724,65,3,0,30,30's,175,2202,65,blue,1657,5391
602,0,0,28,20's,200,2492,113,1,1,32,30's,190,2425,120,blue,0,3883
603,2,0,28,20's,172,2430,65,2,0,28,20's,180,2315,65,draw,6362,2721
604,0,0,27,20's,190,2281,93,2,0,34,30's,187,2300,93,blue,0,3967
605,0,0,26,20's,172,2238,65,1,0,30,30's,180,2230,65,no contest,0,1989
606,1,0,32,30's,180,525,77,3,0,37,30's,185,1549,77,blue,2560,5865
607,3,0,28,20's,177,1755,65,2,0,35,30's,172,1689,61,red,9100,4930
608,0,0,34,30's,172,1054,65,0,0,30,30's,170,1052,65,red,0,0
609,2,2,31,30's,170,2220,61,2,1,37,30's,162,2196,56,red,6325,7022
610,7,1,28,20's,175,2057,70,4,3,33,30's,175,890,70,blue,17048,13160
611,1,1,32,30's,167,1839,61,1,1,30,30's,170,1828,61,red,4871,291
612,0,0,33,30's,177,1655,77,0,0,29,20's,177,2000,77,blue,0,0
613,1,0,32,30's,162,2135,56,3,0,24,20's,170,2126,61,red,419,9152
614,2,2,32,30's,160,1904,61,3,3,30,30's,160,1495,56,red,5082,11572
615,1,1,29,20's,193,2834,93,1,1,25,20's,190,2840,93,red,1747,1022
616,1,1,31,30's,172,2190,65,0,0,32,30's,182,2092,65,red,4420,0
617,0,0,25,20's,175,2166,56,0,0,30,30's,165,2142,56,blue,0,0
618,1,1,33,30's,182,1989,84,3,2,38,30's,185,2245,84,red,4257,6137
619,0,0,36,30's,195,2799,120,1,0,33,30's,187,2736,120,draw,0,2954
620,0,0,35,30's,177,2028,70,0,0,31,30's,172,1976,70,red,0,0
621,3,2,37,30's,185,2085,93,0,0,25,20's,190,2076,93,red,11043,0
622,0,0,29,20's,162,2870,52,2,1,25,20's,160,2792,52,blue,0,4743
623,1,1,27,20's,182,1867,77,1,1,41,40's,182,870,77,blue,4073,4238
624,4,0,27,20's,177,2502,70,9,0,32,30's,172,875,70,blue,8378,26054
625,5,1,29,20's,177,1481,70,7,5,38,30's,175,1997,70,red,9575,21555
626,0,0,22,20's,170,2320,61,1,1,25,20's,160,2079,52,red,0,4897
627,0,0,28,20's,185,2775,84,3,1,28,20's,190,2302,84,blue,0,5619
628,3,1,24,20's,172,2359,61,7,0,38,30's,167,1170,61,blue,7106,20914
629,0,0,28,20's,165,2823,56,2,1,26,20's,165,2298,56,blue,0,6403
630,0,0,25,20's,175,2484,70,1,0,35,30's,177,461,70,red,0,348
631,0,0,30,30's,177,2738,61,2,1,26,20's,172,2355,61,red,0,4871
632,4,1,24,20's,170,2126,61,4,3,23,20's,162,2217,56,blue,12879,11303
633,0,0,29,20's,172,2854,70,0,0,29,20's,182,2841,70,blue,0,0
634,1,1,36,30's,167,2304,61,3,3,36,30's,175,1706,61,blue,939,6001
635,1,0,30,30's,185,2782,84,7,0,33,30's,182,2087,84,blue,564,10375
636,1,0,29,20's,177,2053,77,1,0,36,30's,180,651,77,blue,4073,3310
637,2,0,31,30's,172,1791,65,2,0,35,30's,170,459,65,red,4330,3222
638,1,0,37,30's,172,2276,61,1,1,30,30's,167,2191,61,no contest,627,960
639,4,4,32,30's,190,1294,84,2,2,32,30's,187,1769,84,blue,4957,8413
640,0,0,29,20's,190,2066,84,1,1,33,30's,182,2286,84,blue,0,758
641,1,1,43,40's,177,735,120,1,1,39,30's,193,308,104,red,2154,7774
642,0,0,32,30's,185,2623,93,0,0,30,30's,190,2608,93,red,0,0
643,0,0,34,30's,177,1463,77,0,0,29,20's,182,2587,77,red,0,0
644,5,0,31,30's,175,965,77,4,0,36,30's,182,432,77,blue,10489,8610
645,1,0,35,30's,172,460,70,1,0,33,30's,180,1871,70,red,1456,2689
646,1,0,32,30's,182,2365,77,2,0,28,20's,182,2754,84,blue,585,6542
647,1,0,33,30's,162,2152,56,1,1,32,30's,160,1904,61,red,3527,2493
648,4,3,29,20's,180,2469,77,8,0,33,30's,185,1076,77,red,8085,20843
649,1,0,30,30's,187,2156,77,1,0,31,30's,182,2180,77,red,3208,3728
650,4,1,28,20's,182,2216,65,4,1,27,20's,182,2159,70,red,13588,8582
651,0,0,31,30's,172,2757,61,2,0,33,30's,170,2293,61,red,0,7457
652,0,0,30,30's,180,2230,65,0,0,35,30's,172,452,70,red,0,0
653,2,1,26,20's,193,2764,120,1,1,29,20's,190,2763,104,no contest,5096,2530
654,0,0,27,20's,185,2790,93,0,0,28,20's,185,2789,84,red,0,0
655,1,1,28,20's,182,2048,65,1,0,32,30's,177,1486,65,red,3858,3926
656,0,0,29,20's,177,1481,70,0,0,33,30's,172,509,70,red,0,0
657,5,0,26,20's,177,2119,65,4,0,32,30's,172,1980,65,blue,10465,13112
658,2,2,39,30's,182,1866,84,1,1,37,30's,180,1403,84,blue,7190,1177
659,3,0,33,30's,175,511,70,7,2,33,30's,172,509,70,red,9266,14212
660,1,0,28,20's,172,1340,70,2,0,32,30's,172,530,70,blue,7614,3021
661,2,1,27,20's,182,2755,84,2,1,30,30's,185,2782,84,red,8074,1146
662,3,0,33,30's,175,1066,77,5,5,33,30's,185,1076,77,red,10000,13539
663,1,0,23,20's,167,2118,56,1,0,36,30's,175,2041,65,blue,4389,632
664,1,1,41,40's,177,1953,77,1,1,35,30's,185,2227,77,red,772,1341
665,1,1,30,30's,182,2124,77,1,1,25,20's,175,2070,84,red,3909,4144
666,0,0,29,20's,180,2698,77,3,0,28,20's,177,2268,77,red,0,6233
667,1,0,30,30's,187,2264,84,0,0,37,30's,185,2062,84,blue,4814,0
668,1,0,26,20's,177,2704,65,1,1,25,20's,170,2655,65,red,1764,1433
669,0,0,31,30's,177,1891,70,1,1,29,20's,175,1983,70,blue,0,3693
670,1,0,30,30's,165,2142,56,1,0,26,20's,160,1966,61,red,4421,2801
671,3,3,29,20's,185,2269,77,1,1,32,30's,185,2334,77,blue,9032,1574
672,1,1,36,30's,190,1810,84,0,0,35,30's,185,449,84,red,3800,0
673,1,1,29,20's,175,2018,61,1,1,26,20's,165,2210,61,blue,28415,769
674,0,0,34,30's,167,2748,61,1,1,25,20's,172,2369,61,red,0,4098
675,0,0,37,30's,180,1403,84,0,0,38,30's,185,368,84,blue,0,0
676,1,1,40,40's,187,797,93,5,1,33,30's,187,503,93,red,1456,14415
677,0,0,20,20's,180,2836,70,0,0,23,20's,172,2837,70,red,0,0
678,1,1,28,20's,182,2754,84,2,2,26,20's,177,2586,77,draw,3838,5121
679,0,0,30,30's,167,2260,61,0,0,34,30's,170,2256,56,red,0,0
680,0,0,27,20's,180,2179,70,0,0,31,30's,182,2180,77,blue,0,0
681,3,1,27,20's,177,2168,70,2,2,32,30's,175,2208,70,blue,3005,2194
682,0,0,31,30's,162,2350,52,0,0,34,30's,165,2341,52,red,0,0
683,3,1,34,30's,182,485,84,4,1,30,30's,187,1550,84,red,5056,11987
684,2,0,32,30's,170,533,65,3,1,35,30's,170,459,65,blue,6007,7025
685,0,0,29,20's,175,2121,84,0,0,30,30's,187,1550,84,blue,0,0
686,0,0,25,20's,182,2329,77,1,1,34,30's,180,2162,77,red,0,4164
687,7,1,30,30's,180,1783,77,10,2,29,20's,190,2047,77,blue,16767,34452
688,0,0,23,20's,162,2217,56,1,0,28,20's,165,1504,56,red,0,3811
689,1,0,38,30's,177,1296,77,0,0,27,20's,177,2506,77,blue,797,0
690,0,0,27,20's,193,2323,77,2,1,25,20's,180,2172,77,red,0,3961
691,1,1,28,20's,175,2236,70,2,1,28,20's,175,2223,70,red,5386,3335
692,0,0,30,30's,170,2164,65,0,0,33,30's,170,2165,61,blue,0,0
693,1,1,29,20's,165,2731,61,3,2,28,20's,172,1719,61,red,3128,3721
694,1,1,34,30's,187,2300,93,1,0,37,30's,185,2009,93,red,578,954
695,3,2,25,20's,180,2172,77,3,1,30,30's,182,2124,77,blue,4299,11947
696,3,3,33,30's,187,503,93,4,1,33,30's,187,516,93,red,12768,8686
697,2,1,31,30's,180,1657,70,1,1,30,30's,177,1683,70,blue,2013,4392
698,0,0,32,30's,177,669,77,0,0,25,20's,175,2070,84,red,0,0
699,0,0,32,30's,175,2158,70,9,1,27,20's,177,2168,70,red,0,20268
700,1,0,29,20's,175,2307,77,0,0,32,30's,185,2334,77,red,496,0
701,0,0,28,20's,177,2423,65,0,0,29,20's,177,2422,65,red,0,0
702,2,0,30,30's,177,2756,70,5,0,30,30's,177,2222,70,red,2316,14781
703,1,0,25,20's,190,2167,84,0,0,33,30's,182,1989,84,red,4874,0
704,0,0,30,30's,180,2758,70,0,0,28,20's,175,2144,70,red,0,0
705,2,1,33,30's,187,1952,77,1,0,27,20's,182,2248,77,blue,8168,1511
706,1,0,31,30's,190,2753,113,3,0,26,20's,190,2233,109,blue,3589,10706
707,6,0,37,30's,180,405,77,4,0,33,30's,175,511,70,red,16735,12077
708,0,0,31,30's,187,2761,112,0,0,33,30's,180,2337,93,red,0,0
709,2,1,29,20's,180,2503,70,2,2,27,20's,177,2502,70,red,6943,2674
710,1,0,31,30's,170,2710,52,3,0,31,30's,162,2350,52,red,3278,10904
711,6,3,32,30's,177,1486,65,4,4,26,20's,172,2213,65,blue,26481,12485
712,1,0,34,30's,177,2287,70,1,0,40,40's,175,283,70,blue,3329,2358
713,4,0,34,30's,172,1054,65,8,8,25,20's,180,1936,65,red,11218,26351
714,1,1,33,30's,187,503,93,2,1,32,30's,187,1189,93,blue,5451,8883
715,0,0,27,20's,187,2815,70,5,1,28,20's,172,1340,70,red,0,12406
716,4,2,29,20's,172,1858,61,3,2,27,20's,172,1979,61,red,7316,10496
717,0,0,29,20's,180,2503,70,0,0,34,30's,182,1992,77,red,0,0
718,1,0,24,20's,180,2312,65,2,0,28,20's,182,2216,65,blue,4477,4549
719,4,3,30,30's,182,2107,77,4,1,35,30's,185,2227,77,blue,9030,8599
720,0,0,27,20's,190,2768,93,1,1,29,20's,187,2367,93,blue,0,225
721,1,1,28,20's,172,2430,65,2,1,32,30's,172,1980,65,red,2994,6883
722,0,0,36,30's,195,2215,118,1,0,39,30's,187,2197,112,blue,0,281
723,5,0,30,30's,170,2164,65,3,3,26,20's,172,2213,65,red,13943,11380
724,0,0,29,20's,187,2367,93,2,1,29,20's,177,2290,84,blue,0,4028
725,0,0,39,30's,175,768,77,5,0,46,40's,180,129,84,red,0,4753
726,0,0,25,20's,190,2840,93,1,0,27,20's,185,2790,93,blue,0,1905
727,2,2,32,30's,162,2343,52,1,1,23,20's,165,2814,52,blue,2752,4241
728,2,2,26,20's,185,2204,77,2,0,36,30's,185,2100,77,blue,4328,5511
729,1,1,33,30's,185,2055,77,2,1,39,30's,185,326,77,red,1267,8695
730,3,1,33,30's,185,2205,93,1,1,44,40's,190,175,93,blue,9230,1122
731,2,2,25,20's,177,2813,77,7,2,35,30's,182,2291,77,red,6089,15654
732,3,0,28,20's,182,2048,65,3,0,33,30's,175,2128,65,blue,7467,7066
733,6,5,33,30's,185,1806,84,6,5,26,20's,182,2037,84,red,10753,16398
734,0,0,38,30's,180,347,77,1,0,39,30's,182,653,84,blue,0,606
735,0,0,38,30's,170,1860,61,1,1,32,30's,170,961,61,blue,0,3421
736,3,0,30,30's,180,1783,77,2,0,34,30's,170,646,77,blue,6504,4730
737,0,0,28,20's,172,1340,70,0,0,32,30's,167,2207,70,red,0,0
738,0,0,25,20's,180,2588,77,0,0,26,20's,177,2586,77,red,0,0
739,0,0,35,30's,182,2291,77,1,0,35,30's,190,1547,77,blue,0,6128
740,1,0,27,20's,193,2323,77,1,0,25,20's,180,2077,77,blue,229,2572
741,2,0,35,30's,187,1922,93,1,0,37,30's,185,2085,93,red,704,3302
742,3,1,25,20's,177,2466,70,3,3,32,30's,172,1137,70,blue,5878,10642
743,1,0,30,30's,187,1550,84,1,0,34,30's,182,1594,84,red,2973,3571
744,0,0,25,20's,167,2311,56,1,0,32,30's,162,2095,56,red,0,3449
745,0,0,34,30's,162,2349,52,0,0,32,30's,162,2343,52,red,0,0
746,2,0,35,30's,172,1948,70,2,0,31,30's,180,2243,70,red,3169,3678
747,1,0,33,30's,167,1861,61,1,0,37,30's,170,1060,61,red,3229,2702
748,0,0,34,30's,177,915,70,0,0,33,30's,185,1076,77,red,0,0
749,0,0,37,30's,182,387,84,2,2,33,30's,187,503,93,red,0,8967
750,0,0,25,20's,190,2167,84,0,0,30,30's,187,2061,93,red,0,0
751,0,0,34,30's,177,1565,70,1,1,22,20's,175,2258,70,red,0,4168
752,1,0,38,30's,175,361,65,5,5,24,20's,180,2362,65,red,2689,19671
753,4,3,27,20's,185,2122,84,1,1,30,30's,193,546,84,blue,18590,3137
754,0,0,29,20's,185,2844,84,1,0,23,20's,180,2786,84,blue,0,1803
755,2,2,30,30's,187,2061,93,2,1,26,20's,182,2037,84,red,7687,4988
756,4,0,23,20's,167,2118,56,4,0,35,30's,160,1253,56,blue,15174,11754
757,2,1,30,30's,182,2107,77,1,1,32,30's,180,1543,77,blue,3768,4340
758,5,0,29,20's,182,2104,77,4,0,37,30's,185,1549,77,blue,11810,8377
759,4,0,29,20's,177,2053,77,6,0,29,20's,177,1481,70,red,16241,13462
760,7,3,32,30's,162,2095,56,6,6,30,30's,160,1495,56,red,20465,24959
761,2,0,28,20's,180,1974,65,3,0,27,20's,177,1531,65,red,3296,2764
762,1,0,25,20's,182,2329,77,2,0,35,30's,190,1547,77,blue,2603,7742
763,3,1,30,30's,175,545,65,7,7,25,20's,180,1936,65,red,13646,19855
764,0,0,25,20's,177,2813,77,3,0,32,30's,190,2020,77,blue,0,7804
765,0,0,32,30's,187,2751,77,0,0,25,20's,187,2750,77,red,0,0
766,7,0,36,30's,187,1694,93,0,0,40,40's,187,797,93,red,19476,0
767,3,1,37,30's,172,2276,61,3,1,29,20's,172,1858,61,red,3508,6595
768,1,0,29,20's,180,2469,77,2,0,34,30's,177,1493,70,blue,2687,1633
769,1,0,25,20's,175,2784,70,5,1,31,30's,172,1675,70,blue,2276,18017
770,3,0,29,20's,190,2066,84,5,0,36,30's,182,435,84,red,4552,4695
771,1,1,38,30's,170,366,65,2,2,28,20's,175,2057,70,red,4374,2015
772,1,1,37,30's,182,372,84,3,0,29,20's,185,1546,84,red,1327,8938
773,0,0,26,20's,193,2764,120,0,0,30,30's,193,2659,113,red,0,0
774,3,2,37,30's,167,959,61,2,2,35,30's,167,451,65,red,5777,11538
776,0,0,31,30's,190,1742,93,0,0,37,30's,185,1663,93,red,0,0
777,1,0,29,20's,180,2698,77,0,0,29,20's,182,2206,77,red,1278,0
778,4,3,31,30's,180,2214,65,2,2,32,30's,182,2092,65,blue,10036,1865
779,0,0,30,30's,182,2490,84,1,1,29,20's,180,2333,77,blue,0,662
780,3,3,28,20's,180,2015,77,6,5,25,20's,180,2172,77,blue,3137,12955
781,4,2,33,30's,185,2205,93,4,1,33,30's,177,2060,93,red,9774,1358
782,0,0,28,20's,165,2505,56,2,0,30,30's,165,2142,56,blue,0,9803
783,1,1,25,20's,177,2466,70,3,2,34,30's,177,915,70,red,2216,5057
784,4,4,27,20's,177,2262,70,4,1,22,20's,175,2258,70,red,13284,10268
785,1,1,24,20's,162,2578,56,5,0,33,30's,167,2007,56,blue,3404,12823
786,4,2,34,30's,182,2083,112,0,0,39,30's,187,2155,109,blue,6587,0
787,1,0,34,30's,162,2349,52,0,0,28,20's,167,2345,52,red,1085,0
788,0,0,33,30's,167,1618,61,0,0,30,30's,167,1317,61,red,0,0
789,2,0,27,20's,185,2602,77,4,0,25,20's,182,2329,77,red,3123,8656
790,0,0,31,30's,165,2328,52,1,0,35,30's,165,2279,52,red,0,4115
791,1,0,31,30's,182,538,77,3,0,30,30's,177,1711,70,blue,3187,12765
792,0,0,32,30's,190,2020,77,0,0,30,30's,177,942,77,red,0,0
793,6,1,46,40's,180,129,84,7,4,38,30's,185,368,84,red,5980,27098
794,1,0,24,20's,175,2157,70,1,0,31,30's,177,2097,70,blue,4366,3651
795,2,0,34,30's,175,778,70,7,1,31,30's,180,1657,70,red,6270,19882
796,0,0,31,30's,172,2190,65,0,0,30,30's,170,2189,61,blue,0,0
797,3,0,26,20's,177,2119,65,2,2,28,20's,172,2360,65,blue,8375,5563
798,6,0,31,30's,180,1657,70,3,0,30,30's,177,1069,65,blue,15771,9664
799,1,1,34,30's,187,2051,84,1,1,33,30's,177,1655,77,red,3730,521
800,2,1,29,20's,185,2604,70,2,2,24,20's,177,2822,70,red,2999,5582
801,1,1,33,30's,187,502,77,0,0,34,30's,182,485,84,blue,427,0
802,4,1,26,20's,177,2119,65,3,3,24,20's,180,2362,65,red,9309,10373
803,3,0,31,30's,167,1484,65,3,3,35,30's,167,451,65,red,9581,18265
804,4,1,30,30's,175,2330,65,1,1,26,20's,180,2847,65,red,14772,4421
805,2,1,34,30's,177,915,70,1,0,30,30's,172,2023,70,blue,1906,3950
806,6,3,28,20's,170,2150,61,6,0,30,30's,167,1317,61,blue,18680,21346
807,1,1,34,30's,177,1986,70,0,0,37,30's,185,1080,70,blue,4256,0
808,0,0,33,30's,175,515,65,2,2,26,20's,172,2154,65,red,0,5051
809,1,1,25,20's,177,2813,77,2,2,29,20's,185,2656,77,blue,1380,3963
810,0,0,24,20's,172,2363,61,0,0,24,20's,180,2362,65,red,0,0
811,5,1,30,30's,175,545,65,5,0,35,30's,167,451,65,red,21517,25579
812,5,5,34,30's,182,1944,77,5,3,34,30's,175,1386,77,draw,14368,7052
813,1,1,30,30's,187,2105,120,1,1,39,30's,193,306,120,blue,1155,673
814,0,0,29,20's,180,2611,84,3,0,32,30's,182,2069,84,red,0,8262
815,3,1,35,30's,172,941,65,1,1,32,30's,182,2092,65,red,7052,1517
816,0,0,26,20's,182,2703,77,0,0,24,20's,175,2702,76,blue,0,0
817,1,1,32,30's,182,1820,77,0,0,36,30's,182,432,77,red,266,0
818,0,0,35,30's,167,2576,65,0,0,26,20's,182,2575,70,red,0,0
819,5,4,31,30's,180,2214,65,4,1,32,30's,177,1486,65,red,21337,16153
820,0,0,27,20's,185,2173,77,0,0,36,30's,182,2174,77,red,0,0
821,1,0,29,20's,177,1875,77,1,1,29,20's,185,2656,77,red,153,579
822,0,0,32,30's,175,1744,65,1,0,22,20's,170,2320,61,blue,0,461
823,0,0,27,20's,177,2872,70,2,2,32,30's,172,2773,70,blue,0,8098
824,1,1,35,30's,172,2317,65,4,4,30,30's,170,1828,61,blue,4266,1093
825,0,0,33,30's,182,2286,84,0,0,28,20's,187,2282,77,blue,0,0
826,1,0,27,20's,185,2244,70,1,0,36,30's,175,2096,70,red,163,4108
827,3,1,32,30's,167,1839,61,5,1,36,30's,167,2022,61,red,7227,12299
828,3,1,37,30's,185,1663,93,0,0,38,30's,185,348,93,red,6326,0
829,1,0,30,30's,154,2278,61,3,0,34,30's,175,2221,61,red,3112,5597
830,2,1,33,30's,190,2252,84,2,2,28,20's,185,2224,84,red,5371,5748
831,0,0,32,30's,172,2773,70,2,2,32,30's,180,2019,70,blue,0,4557
832,0,0,34,30's,177,1493,70,0,0,32,30's,175,520,70,blue,0,0
833,5,2,43,40's,177,735,120,0,0,39,30's,190,305,120,no contest,8778,0
834,0,0,29,20's,165,2731,61,2,0,31,30's,165,1380,61,blue,0,6498
835,2,1,38,30's,185,368,84,2,2,32,30's,190,1294,84,red,6193,1335
836,3,0,30,30's,182,2507,70,2,0,28,20's,177,1092,70,red,8372,1416
837,3,0,31,30's,190,1742,93,2,0,44,40's,190,175,93,blue,9646,1338
838,2,0,38,30's,170,750,65,2,0,38,30's,170,366,65,blue,2422,6409
839,4,2,33,30's,182,2087,84,3,3,28,20's,185,2224,84,blue,5352,8560
840,1,0,33,30's,190,2252,84,2,0,28,20's,198,2064,84,blue,1048,5866
841,2,2,33,30's,187,507,93,2,0,38,30's,185,346,84,red,4224,11259
842,1,1,31,30's,167,1737,65,7,1,36,30's,175,1706,61,red,1114,18919
843,2,2,24,20's,167,2326,61,1,0,27,20's,172,1979,61,red,5837,1387
844,4,2,32,30's,182,1422,77,3,2,30,30's,182,2107,77,red,10488,5217
845,2,1,30,30's,157,2372,52,1,1,28,20's,167,2345,52,red,7976,1134
846,0,0,27,20's,175,2153,65,0,0,38,30's,170,750,65,red,0,0
847,0,0,27,20's,170,2177,61,0,0,29,20's,177,2192,61,blue,0,0
848,1,0,26,20's,165,2298,56,1,0,28,20's,167,2303,56,blue,3084,1001
849,0,0,28,20's,182,2216,65,0,0,35,30's,177,1930,65,blue,0,0
850,6,0,25,20's,175,2070,84,4,0,33,30's,175,947,84,blue,22456,22293
851,1,1,28,20's,185,2775,84,6,2,32,30's,185,1991,84,red,4412,13304
852,1,1,33,30's,172,2013,70,2,2,33,30's,180,1815,70,red,1966,4622
853,0,0,34,30's,182,2559,77,1,1,30,30's,182,668,77,red,0,4545
854,0,0,40,40's,182,1015,119,0,0,40,40's,190,272,109,blue,0,0
855,0,0,31,30's,167,1056,56,0,0,35,30's,160,1253,56,red,0,0
856,0,0,34,30's,167,1882,61,0,0,34,30's,167,1243,61,blue,0,0
857,0,0,38,30's,190,2810,93,1,1,27,20's,190,2768,93,red,0,3078
858,4,1,28,20's,170,2150,61,3,0,33,30's,165,2133,61,blue,11527,8811
859,0,0,36,30's,182,1209,77,1,0,34,30's,170,646,77,blue,0,792
860,5,1,30,30's,180,2230,65,4,0,29,20's,170,1993,65,red,6782,4015
861,2,0,32,30's,167,2010,56,2,0,38,30's,167,1170,61,blue,2773,7875
862,2,1,38,30's,180,1918,70,1,1,29,20's,177,2426,70,red,5862,161
863,2,0,29,20's,177,1875,77,2,0,32,30's,180,1543,77,red,4021,5890
864,1,1,30,30's,172,1622,70,7,1,31,30's,180,2214,65,red,4442,24091
865,3,0,34,30's,185,2005,84,3,0,30,30's,187,1550,84,red,12062,7646
866,0,0,31,30's,182,538,77,3,2,32,30's,175,532,70,red,0,5440
867,3,0,29,20's,213,649,120,4,0,37,30's,193,1431,119,blue,7003,2915
868,0,0,28,20's,185,2224,84,0,0,32,30's,185,2225,77,blue,0,0
869,0,0,32,30's,160,2769,52,1,1,32,30's,175,1744,65,red,0,1937
870,0,0,35,30's,172,2317,65,2,1,28,20's,170,2150,61,blue,0,5164
871,2,1,32,30's,162,2095,56,2,1,34,30's,165,1034,61,blue,7626,4748
872,0,0,30,30's,177,2756,70,1,0,29,20's,185,2604,70,red,0,2801
873,0,0,28,20's,167,2542,52,2,1,35,30's,165,2279,52,red,0,7614
874,1,0,31,30's,180,2805,77,2,0,31,30's,182,2700,77,blue,1468,6081
875,6,3,33,30's,187,516,93,6,3,38,30's,180,1409,93,red,9292,27280
876,0,0,30,30's,182,2507,70,1,0,31,30's,172,1675,70,red,0,4200
877,1,1,31,30's,190,970,118,2,1,37,30's,190,377,119,red,291,2483
878,3,0,34,30's,177,2287,70,3,0,22,20's,175,2258,70,red,6636,7092
879,3,2,33,30's,175,890,70,6,5,32,30's,175,532,70,blue,11672,18557
880,0,0,32,30's,180,1902,77,2,0,31,30's,187,1331,77,blue,0,4582
881,4,0,38,30's,167,1170,61,4,0,35,30's,172,1689,61,blue,14089,5788
882,3,3,35,30's,185,449,84,4,1,38,30's,185,368,84,red,2051,12014
883,6,0,31,30's,175,2073,70,4,2,30,30's,172,2023,70,red,14144,14449
884,0,0,34,30's,167,476,65,0,0,33,30's,180,733,65,red,0,0
885,0,0,28,20's,177,1092,70,0,0,35,30's,172,1136,70,blue,0,0
886,2,1,26,20's,172,2238,65,3,2,29,20's,170,1906,65,blue,2768,2299
887,3,0,30,30's,167,2191,61,4,0,30,30's,170,2164,65,blue,5337,13232
888,1,1,35,30's,187,455,77,2,0,34,30's,175,1386,77,red,2774,2664
889,2,2,38,30's,190,1163,120,1,0,37,30's,187,375,109,blue,1754,3432
890,1,1,36,30's,170,2332,56,2,1,23,20's,162,2217,56,red,3981,3500
891,1,1,33,30's,182,2087,84,0,0,32,30's,182,2069,84,red,335,0
892,3,2,24,20's,177,2724,65,7,0,28,20's,177,1755,65,blue,10505,23527
893,3,2,35,30's,167,2074,70,4,4,30,30's,177,2288,70,blue,9548,10079
894,5,2,34,30's,193,1852,109,3,3,39,30's,193,308,104,blue,21041,13186
895,5,0,30,30's,187,2264,84,0,0,30,30's,185,2782,84,blue,8959,0
896,2,2,28,20's,167,2345,52,0,0,22,20's,162,2305,52,red,5603,0
897,4,3,28,20's,172,1719,61,5,5,30,30's,167,1317,61,blue,7491,20693
898,6,1,24,20's,175,2157,70,5,2,22,20's,175,2258,70,blue,19004,13630
899,3,1,27,20's,165,2134,56,1,1,23,20's,170,2825,56,red,4832,705
900,4,0,30,30's,180,2230,65,1,1,35,30's,175,2169,65,blue,3100,3718
901,3,2,26,20's,182,2037,84,4,1,29,20's,185,1546,84,blue,7445,12640
902,1,0,25,20's,160,2792,52,1,0,32,30's,160,2769,52,blue,408,930
903,2,2,25,20's,190,2510,77,4,4,26,20's,185,2204,77,red,4875,13043
904,1,1,25,20's,172,2809,61,2,1,29,20's,172,2368,61,blue,3877,5244
905,3,0,31,30's,172,1978,65,2,0,34,30's,172,1954,65,blue,8084,1353
906,2,0,32,30's,190,2200,77,1,0,37,30's,172,374,65,blue,5462,1974
907,2,2,33,30's,165,2133,61,3,3,30,30's,170,1828,61,red,8560,652
908,2,0,37,30's,182,372,84,4,0,25,20's,175,2070,84,red,4596,13390
909,1,0,22,20's,165,2759,52,2,0,29,20's,170,2603,52,red,2623,7447
910,5,0,30,30's,162,2299,56,4,4,32,30's,162,911,56,red,17998,18055
911,0,0,34,30's,182,2083,112,0,0,30,30's,187,2105,120,red,0,0
912,3,0,31,30's,167,1056,56,2,0,33,30's,167,2125,56,blue,10737,6874
913,2,0,33,30's,172,2184,70,1,1,26,20's,172,2154,65,red,7984,3575
914,0,0,26,20's,170,2257,70,2,2,29,20's,190,2047,77,red,0,8786
915,3,1,29,20's,167,2143,56,4,0,37,30's,162,2196,56,red,3501,12572
916,1,1,30,30's,175,2202,65,3,2,31,30's,180,2214,65,red,1233,7678
917,4,4,30,30's,167,1317,61,2,2,35,30's,172,2317,65,blue,15172,5908
918,0,0,32,30's,193,2284,93,0,0,28,20's,180,2283,84,red,0,0
919,0,0,26,20's,180,2847,65,3,1,29,20's,175,2289,65,blue,0,9389
920,1,1,27,20's,167,2583,61,2,2,36,30's,167,2304,61,red,4383,5319
921,1,0,33,30's,162,2178,61,0,0,25,20's,170,2325,61,red,754,0
922,1,0,30,30's,180,1783,77,1,0,37,30's,180,1781,84,red,3459,585
923,1,0,25,20's,175,2405,61,5,0,25,20's,170,2325,61,red,4518,9438
924,1,0,36,30's,185,2732,109,3,1,36,30's,195,2215,118,red,200,7802
925,0,0,39,30's,180,2148,61,0,0,30,30's,170,2147,61,red,0,0
926,0,0,39,30's,185,326,77,0,0,27,20's,182,1176,77,red,0,0
927,4,2,32,30's,182,1820,77,8,0,29,20's,190,2047,77,red,3919,24813
928,1,1,38,30's,172,721,70,0,0,28,20's,180,1974,65,red,5721,0
929,4,3,32,30's,175,532,70,1,1,30,30's,177,1069,65,blue,10747,1746
930,3,0,30,30's,187,1096,70,6,0,31,30's,172,1976,70,blue,9222,14237
931,2,2,27,20's,170,2177,61,2,0,33,30's,170,1051,61,blue,9135,5098
932,2,1,30,30's,187,2264,84,2,1,32,30's,185,1991,84,blue,5199,3729
933,1,1,30,30's,180,2826,77,3,0,34,30's,182,1992,77,red,3979,9868
934,0,0,30,30's,172,2023,70,1,1,33,30's,175,1066,77,red,0,5447
935,1,1,33,30's,187,516,93,1,1,30,30's,195,1139,93,blue,4252,1901
936,5,1,37,30's,167,959,61,2,2,32,30's,172,1057,61,red,15011,7786
937,10,2,33,30's,185,1076,77,3,2,32,30's,177,669,77,blue,25274,10843
938,3,2,34,30's,172,1054,65,1,0,31,30's,167,1484,65,red,10649,6041
939,4,0,32,30's,162,2095,56,5,1,28,20's,165,1504,56,blue,11773,20795
941,0,0,37,30's,187,375,109,0,0,34,30's,193,1852,109,red,0,0
942,0,0,37,30's,182,372,84,0,0,35,30's,187,1476,84,blue,0,0
943,1,1,38,30's,180,347,77,4,3,33,30's,185,1806,84,red,383,9204
944,2,0,30,30's,172,2023,70,5,1,30,30's,180,2036,70,blue,7018,17821
945,3,0,29,20's,175,2295,77,1,0,35,30's,187,2709,77,red,6733,3824
946,4,1,34,30's,175,2221,61,0,0,31,30's,172,1194,63,red,9219,0
947,4,4,30,30's,190,1984,70,8,0,27,20's,177,2168,70,red,14101,18726
948,0,0,33,30's,172,2265,56,1,0,23,20's,162,2217,56,red,0,2918
949,2,1,26,20's,177,2429,70,1,1,21,20's,182,2628,70,red,5222,535
950,0,0,27,20's,170,2838,61,0,0,25,20's,170,2839,61,red,0,0
951,1,1,25,20's,177,2198,65,5,2,33,30's,172,1050,65,red,400,18845
952,0,0,29,20's,172,2368,61,1,0,28,20's,170,2150,61,red,0,4301
953,2,1,32,30's,187,663,77,4,3,35,30's,180,471,77,red,5446,24693
954,0,0,26,20's,177,2429,70,1,0,28,20's,177,2268,77,red,0,3622
955,0,0,31,30's,180,2582,70,0,0,26,20's,193,2581,84,blue,0,0
956,4,3,34,30's,177,915,70,4,3,37,30's,182,2078,70,red,5439,9612
957,4,1,34,30's,200,1515,115,1,0,34,30's,185,497,109,red,12359,3993
958,0,0,40,40's,162,940,61,0,0,29,20's,170,2331,61,no contest,0,0
959,0,0,36,30's,175,2096,70,0,0,37,30's,170,1367,70,red,0,0
960,6,3,30,30's,187,1550,84,5,0,35,30's,185,449,84,red,16107,10986
961,5,3,37,30's,180,405,77,9,1,33,30's,185,1076,77,red,14086,21377
962,0,0,33,30's,195,2106,113,2,0,39,30's,193,306,120,red,0,2673
963,7,0,28,20's,165,1504,56,3,0,33,30's,162,2152,56,blue,27096,9551
964,5,0,34,30's,187,2300,93,8,0,36,30's,187,1694,93,red,13091,20628
965,1,1,30,30's,187,1096,70,2,2,32,30's,180,1272,77,red,528,8873
966,1,1,32,30's,180,1272,77,2,2,31,30's,172,1976,70,blue,4157,4176
967,1,1,28,20's,182,2228,77,2,2,35,30's,177,2131,77,red,1813,802
968,0,0,27,20's,175,2237,65,1,0,31,30's,172,1978,65,red,0,1626
969,1,0,34,30's,182,2559,77,3,0,28,20's,182,2228,77,red,458,6086
970,0,0,29,20's,177,2580,77,3,0,31,30's,175,2073,70,red,0,4610
971,5,0,33,30's,185,2205,93,2,1,35,30's,180,2195,93,red,9883,358
972,0,0,32,30's,190,1805,70,0,0,35,30's,172,941,65,red,0,0
973,1,0,27,20's,193,2787,113,3,0,33,30's,195,2106,113,red,4068,7167
974,1,1,29,20's,177,2313,70,2,2,27,20's,180,2179,70,blue,328,6036
975,2,0,24,20's,170,2126,61,2,0,33,30's,167,2007,56,red,7398,5287
976,1,0,28,20's,180,2315,65,2,0,33,30's,170,1994,65,no contest,1818,3568
977,0,0,25,20's,175,2405,61,4,2,27,20's,167,2354,61,draw,0,8297
978,2,0,31,30's,180,2585,70,6,0,22,20's,175,2258,70,blue,2960,14190
979,2,0,36,30's,177,1478,70,1,0,31,30's,175,2073,70,red,1811,3432
980,4,0,32,30's,185,1991,84,2,1,29,20's,180,2611,84,blue,5184,824
981,1,0,29,20's,175,2295,77,3,0,40,40's,180,2226,77,blue,2718,2462
982,8,1,32,30's,180,1272,77,6,1,31,30's,175,965,77,blue,40238,11263
983,3,3,26,20's,185,2204,77,3,1,29,20's,175,2130,77,blue,8931,11621
984,2,0,33,30's,172,2013,70,4,0,33,30's,177,514,70,blue,4280,11860
985,3,3,34,30's,170,2256,56,4,4,29,20's,167,2280,52,red,10270,15183
986,0,0,32,30's,182,2365,77,2,2,33,30's,177,1655,77,red,0,5821
987,3,1,29,20's,175,1983,70,1,1,32,30's,172,875,70,blue,5916,2096
988,0,0,28,20's,167,2866,61,6,2,36,30's,167,2022,61,red,0,14472
989,1,1,39,30's,167,2376,61,5,1,33,30's,165,2133,61,draw,3577,17141
990,1,0,31,30's,187,1331,77,2,2,28,20's,180,2015,77,red,4090,2350
991,0,0,33,30's,185,2161,77,0,0,28,20's,198,2064,84,red,0,0
992,0,0,28,20's,182,2754,84,0,0,27,20's,182,2755,84,blue,0,0
993,5,0,30,30's,170,1828,61,5,4,28,20's,172,1719,61,red,2685,8750
994,0,0,28,20's,190,2770,111,1,0,33,30's,195,2106,113,red,0,2191
995,4,1,32,30's,190,2082,118,2,1,32,30's,182,1850,118,red,4759,4968
996,3,1,36,30's,185,419,93,1,1,25,20's,190,2076,93,red,5542,2846
997,7,0,31,30's,172,1976,70,4,0,32,30's,180,2316,70,red,14632,13473
998,0,0,27,20's,177,2296,56,1,0,33,30's,175,1912,61,blue,0,278
999,0,0,29,20's,177,2229,77,0,0,28,20's,182,2228,77,red,0,0
1000,2,1,31,30's,182,538,77,5,5,28,20's,175,2057,70,blue,8639,7106
1001,1,0,27,20's,182,2159,70,0,0,38,30's,177,1146,70,blue,2322,0
1002,0,0,31,30's,170,2710,52,2,2,27,20's,154,2340,52,red,0,9316
1003,2,2,29,20's,180,2297,77,2,0,41,40's,182,870,77,blue,4382,4532
1004,1,0,29,20's,177,2290,84,2,0,33,30's,182,2286,84,blue,416,3305
1005,2,2,27,20's,177,2262,70,1,1,35,30's,175,2175,70,blue,5409,3753
1006,1,0,33,30's,187,1952,77,1,0,31,30's,182,2203,77,blue,3062,3222
1007,1,0,32,30's,175,2193,65,1,0,30,30's,180,1916,65,blue,670,431
1008,1,1,36,30's,175,1706,61,1,1,34,30's,167,1882,61,blue,3221,5405
1009,2,1,31,30's,172,1978,65,2,0,35,30's,172,941,65,red,6164,5160
1010,1,0,35,30's,172,1689,61,2,1,37,30's,167,959,61,red,3212,3998
1011,3,1,31,30's,180,2585,70,1,1,30,30's,175,2812,70,red,6235,4434
1012,5,4,33,30's,187,1952,77,2,0,36,30's,182,432,77,red,16366,6091
1013,5,0,32,30's,190,2200,77,5,0,32,30's,182,1422,77,red,11369,14318
1014,0,0,27,20's,172,2846,61,2,0,29,20's,172,2266,61,red,0,4001
1015,0,0,33,30's,172,2013,70,0,0,32,30's,172,530,70,blue,0,0
1016,0,0,26,20's,177,2119,65,1,1,25,20's,180,1936,65,red,0,2664
1017,4,0,26,20's,165,2210,61,0,0,21,20's,175,2857,61,red,11771,0
1018,0,0,32,30's,165,2132,61,0,0,29,20's,175,2018,61,red,0,0
1019,1,0,35,30's,180,2195,93,1,0,35,30's,187,1476,84,blue,94,650
1020,9,2,32,30's,180,1272,77,12,4,33,30's,185,1076,77,blue,41702,30360
1021,7,2,32,30's,190,2082,118,5,1,40,40's,182,1015,119,blue,8674,14859
1022,1,0,30,30's,170,2749,65,1,1,27,20's,170,2705,65,blue,3756,4933
1023,2,2,32,30's,180,2316,70,4,0,31,30's,180,1657,70,red,5742,9536
1024,4,3,33,30's,187,1952,77,2,2,36,30's,182,2174,77,blue,12446,7240
1025,1,1,38,30's,193,367,109,0,0,37,30's,193,1431,119,blue,587,0
1026,0,0,29,20's,170,2845,52,1,1,28,20's,165,2697,52,red,0,3975
1027,0,0,29,20's,185,1546,84,0,0,30,30's,180,1783,77,blue,0,0
1028,0,0,25,20's,160,2079,52,0,0,28,20's,170,2150,61,blue,0,0
1029,0,0,31,30's,185,2820,70,2,2,32,30's,172,1137,70,red,0,7732
1030,7,6,26,20's,160,1966,61,6,1,31,30's,167,1905,61,red,26239,39978
1031,1,0,30,30's,190,1969,93,0,0,44,40's,190,175,93,red,624,0
1032,1,0,37,30's,185,1080,70,3,0,31,30's,172,1976,70,red,2851,6931
1033,2,1,29,20's,170,1906,65,4,0,35,30's,172,941,65,blue,1983,7355
1034,0,0,31,30's,182,2261,70,0,0,30,30's,190,1984,70,red,0,0
1035,6,2,28,20's,177,1755,65,4,4,24,20's,180,2362,65,red,17375,12489
1036,1,0,30,30's,170,1970,56,8,0,25,20's,175,2166,56,blue,3854,23745
1037,0,0,29,20's,167,2143,56,0,0,27,20's,170,2054,61,red,0,0
1038,0,0,28,20's,193,2788,109,0,0,27,20's,193,2787,113,blue,0,0
1039,4,0,31,30's,175,965,77,2,0,30,30's,177,942,77,red,7007,10535
1040,2,0,33,30's,185,2205,93,0,0,30,30's,195,2285,93,blue,5481,0
1041,4,2,38,30's,170,750,65,4,0,30,30's,167,1907,65,red,10361,11254
1042,6,0,30,30's,180,1783,77,6,0,32,30's,180,1272,77,blue,13127,31470
1043,0,0,32,30's,160,1911,56,0,0,33,30's,162,2016,56,no contest,0,0
1044,2,2,26,20's,172,2213,65,2,0,28,20's,182,2048,65,blue,9104,6810
1045,1,0,40,40's,190,272,109,1,0,29,20's,213,649,120,red,294,536
1046,6,1,36,30's,187,1694,93,3,1,37,30's,187,1968,93,red,17522,13510
1047,2,0,31,30's,180,2582,70,3,1,33,30's,172,2013,70,red,2734,4485
1048,1,0,30,30's,172,2371,56,1,0,29,20's,167,2091,56,blue,2860,3292
1049,3,0,33,30's,182,2286,84,2,0,27,20's,187,2246,84,red,7082,5448
1050,2,1,30,30's,180,2508,77,2,1,32,30's,180,525,77,blue,7263,5326
1051,0,0,27,20's,152,2808,52,3,1,25,20's,170,2465,52,red,0,6492
1052,1,0,26,20's,193,2581,84,0,0,39,30's,182,2324,84,red,696,0
1053,1,1,31,30's,167,1905,61,1,1,30,30's,167,1527,65,blue,5239,1418
1054,2,0,33,30's,193,535,108,1,1,35,30's,193,969,120,blue,10152,808
1055,3,3,29,20's,180,2297,77,3,3,26,20's,180,2247,77,red,8519,8691
1056,5,3,34,30's,182,2083,112,4,1,29,20's,213,649,120,red,9655,7270
1057,0,0,38,30's,177,356,70,0,0,33,30's,175,1066,77,red,0,0
1058,1,0,28,20's,190,2364,84,0,0,32,30's,180,1638,84,red,1406,0
1059,6,4,36,30's,193,808,120,6,3,34,30's,193,1852,109,red,14284,21858
1060,2,0,35,30's,180,454,61,3,0,33,30's,170,1051,61,red,2011,7088
1061,0,0,29,20's,170,2259,65,0,0,22,20's,175,2258,70,red,0,0
1062,3,0,26,20's,165,2610,56,3,0,28,20's,165,2505,56,red,6219,3340
1063,2,1,28,20's,182,2209,77,2,1,25,20's,182,2329,77,red,5777,2672
1064,1,0,23,20's,182,2772,77,6,0,32,30's,182,1820,77,red,3306,8487
1065,7,1,25,20's,175,2070,84,2,0,37,30's,180,1403,84,blue,27347,4029
1066,3,1,32,30's,182,1422,77,1,1,32,30's,180,2509,77,blue,6187,3957
1067,0,0,28,20's,172,2430,65,2,0,31,30's,172,2190,65,blue,0,5570
1068,3,0,33,30's,170,1994,65,5,1,30,30's,167,1907,65,red,4078,15031
1069,0,0,34,30's,185,2005,84,0,0,35,30's,182,464,84,red,0,0
1070,0,0,34,30's,185,2428,84,2,2,34,30's,190,1938,84,red,0,6823
1071,0,0,24,20's,165,2344,52,0,0,29,20's,154,2338,52,red,0,0
1072,1,0,33,30's,185,2161,77,1,0,29,20's,182,2104,77,red,1355,144
1073,0,0,27,20's,177,2001,70,1,0,32,30's,177,669,77,red,0,4455
1074,1,0,29,20's,177,2192,61,1,0,34,30's,177,1910,61,blue,2740,64
1075,0,0,29,20's,175,2467,65,0,0,24,20's,167,2326,61,red,0,0
1076,1,0,26,20's,193,2740,84,0,0,26,20's,182,2780,93,blue,1478,0
1077,1,0,33,30's,175,515,65,5,0,30,30's,167,1527,65,red,3215,19206
1078,0,0,25,20's,172,2809,61,1,0,31,30's,172,2757,61,blue,0,3550
1079,2,0,27,20's,177,2296,56,1,1,24,20's,167,2326,61,red,1329,3924
1080,4,0,27,20's,187,2246,84,1,1,39,30's,182,2324,84,red,9296,4555
1081,3,0,28,20's,170,2150,61,3,3,25,20's,160,2079,52,blue,9019,11148
1082,4,0,33,30's,165,2133,61,5,0,30,30's,167,2099,61,blue,13113,15578
1083,0,0,26,20's,160,2120,52,0,0,25,20's,162,2468,52,blue,0,0
1084,0,0,31,30's,180,2585,70,3,0,28,20's,180,1814,70,blue,0,7130
1086,0,0,29,20's,172,2266,61,1,1,35,30's,180,454,61,blue,0,1216
1087,1,1,33,30's,172,509,70,2,2,33,30's,185,1076,77,red,842,2155
1088,1,1,27,20's,182,2851,77,2,2,26,20's,180,2737,77,no contest,1202,8191
1089,0,0,34,30's,180,2366,104,1,0,26,20's,190,2233,109,red,0,3712
1090,6,2,23,20's,167,2118,56,6,0,33,30's,167,2007,56,blue,22959,16308
1091,1,1,29,20's,157,2342,52,1,0,31,30's,162,2350,52,red,1629,3505
1092,0,0,30,30's,172,2877,77,4,1,34,30's,182,1992,77,red,0,13697
1093,1,0,30,30's,177,2232,61,1,0,27,20's,175,2237,65,blue,671,2906
1094,1,1,25,20's,175,2166,56,1,1,35,30's,160,1253,56,red,4670,4615
1095,1,1,30,30's,167,1907,65,1,1,35,30's,170,459,65,blue,4442,1045
1096,0,0,27,20's,180,2377,70,1,1,27,20's,177,2262,70,red,0,1658
1097,0,0,31,30's,172,1791,65,1,1,33,30's,170,1994,65,blue,0,298
1098,1,0,30,30's,175,2421,65,1,1,33,30's,175,2128,65,red,1222,3803
1099,1,0,37,30's,190,377,119,1,0,37,30's,193,1431,119,blue,1992,648
1100,8,3,24,20's,175,2157,70,9,7,38,30's,175,1997,70,blue,22826,29246
1101,6,2,36,30's,190,1810,84,1,1,28,20's,185,2789,84,red,16651,4417
1102,2,2,33,30's,180,2337,93,6,0,37,30's,187,1968,93,red,4225,15982
1103,0,0,37,30's,185,2009,93,0,0,30,30's,195,1139,93,red,0,0
1104,0,0,28,20's,180,2777,77,3,0,27,20's,182,1867,77,blue,0,6311
1105,1,0,27,20's,182,2755,84,1,0,34,30's,185,2428,84,blue,4037,1299
1106,1,0,29,20's,170,2331,61,0,0,24,20's,172,2359,61,red,1790,0
1107,1,0,26,20's,172,2292,70,3,3,30,30's,177,2288,70,red,3332,8890
1108,0,0,28,20's,172,1990,65,0,0,27,20's,177,1531,65,red,0,0
1109,3,0,30,30's,167,2309,61,4,0,31,30's,170,2220,61,blue,9628,13991
1110,0,0,35,30's,187,2090,84,0,0,36,30's,190,1810,84,red,0,0
1111,4,1,30,30's,180,1783,77,0,0,30,30's,182,2107,77,blue,7400,0
1112,1,0,29,20's,170,2603,52,1,0,30,30's,157,2372,52,red,2978,3707
1113,0,0,36,30's,180,2752,106,1,1,30,30's,193,2659,113,red,0,2484
1114,1,1,29,20's,175,2089,70,1,1,33,30's,177,514,70,red,3826,4361
1115,1,0,24,20's,172,2363,61,1,0,26,20's,172,2355,61,red,3956,4243
1116,0,0,27,20's,177,2322,70,1,1,30,30's,177,2288,70,red,0,4392
1117,4,0,30,30's,187,2264,84,4,0,28,20's,185,2224,84,red,5876,12067
1118,4,1,31,30's,162,2084,56,6,2,26,20's,165,2103,56,red,14164,22268
1119,1,0,27,20's,172,2504,61,0,0,24,20's,177,2760,61,blue,3140,0
1120,4,1,32,30's,182,2069,84,5,2,31,30's,187,786,84,blue,9050,14563
1121,2,2,35,30's,160,1253,56,1,1,30,30's,160,1495,56,red,8114,2455
1122,0,0,27,20's,170,2626,70,3,1,32,30's,167,2207,70,red,0,21682
1123,3,3,25,20's,180,1936,65,1,0,34,30's,172,1954,65,blue,12199,549
1124,2,0,34,30's,187,2051,84,0,0,32,30's,187,2251,84,blue,6205,0
1125,3,3,32,30's,190,1294,84,3,1,38,30's,185,346,84,blue,2795,11655
1126,0,0,33,30's,185,1806,84,0,0,39,30's,182,1866,84,red,0,0
1127,1,0,32,30's,160,1911,56,2,2,26,20's,165,2103,56,red,67,5591
1128,0,0,37,30's,187,1968,93,0,0,29,20's,193,549,93,red,0,0
1129,0,0,23,20's,170,2882,61,2,1,35,30's,172,2219,61,blue,0,1890
1130,6,0,36,30's,175,1706,61,5,1,38,30's,167,1170,61,blue,18110,18128
1131,3,0,31,30's,187,786,84,2,0,46,40's,180,129,84,blue,9378,3766
1132,0,0,34,30's,187,2300,93,2,2,33,30's,177,2060,93,blue,0,696
1133,2,0,30,30's,195,1139,93,4,1,38,30's,180,1409,93,red,2420,14843
1134,0,0,30,30's,180,2464,77,1,0,31,30's,170,2310,77,red,0,1300
1135,2,1,27,20's,172,2504,61,1,1,31,30's,172,2137,61,blue,3662,4477
1136,0,0,30,30's,187,1096,70,1,0,32,30's,172,530,70,blue,0,2767
1137,0,0,33,30's,177,2806,77,0,0,24,20's,182,2776,77,red,0,0
1138,0,0,31,30's,175,2699,70,3,0,27,20's,182,2159,70,red,0,4896
1139,0,0,31,30's,180,2214,65,0,0,26,20's,172,2213,65,red,0,0
1140,1,1,37,30's,185,1663,93,1,1,34,30's,193,1852,109,red,4294,5152
1141,0,0,31,30's,177,2634,77,0,0,36,30's,180,2833,77,blue,0,0
1142,0,0,30,30's,190,1969,93,1,1,32,30's,190,2082,118,red,0,1187
1143,1,1,35,30's,177,2131,77,0,0,34,30's,175,2027,84,blue,682,0
1144,0,0,31,30's,177,1982,70,0,0,39,30's,175,774,70,blue,0,0
1145,4,3,26,20's,182,2037,84,5,2,32,30's,182,2069,84,blue,7733,9783
1146,0,0,28,20's,175,2874,61,2,0,25,20's,175,2405,61,red,0,6257
1147,0,0,30,30's,180,2093,70,0,0,38,30's,172,1824,70,blue,0,0
1148,0,0,26,20's,177,2828,93,4,0,37,30's,185,2085,93,no contest,0,12579
1149,0,0,34,30's,200,1515,115,0,0,39,30's,193,308,104,red,0,0
1150,2,2,25,20's,187,2750,77,4,1,21,20's,182,2628,70,blue,1131,7185
1151,2,0,36,30's,185,419,93,4,0,36,30's,182,435,84,blue,3476,2921
1152,0,0,28,20's,190,2364,84,1,0,38,30's,185,2245,84,red,0,2851
1153,1,1,34,30's,170,2571,61,0,0,30,30's,172,2358,61,red,4116,0
1154,4,0,35,30's,180,1452,84,6,1,30,30's,187,2264,84,red,10137,9555
1155,0,0,23,20's,185,2765,93,2,2,30,30's,190,2608,93,red,0,3716
1156,2,1,31,30's,172,1675,70,6,6,33,30's,185,1076,77,red,6093,17385
1157,1,0,30,30's,180,2239,70,1,0,28,20's,175,2223,70,red,2864,992
1158,4,2,32,30's,190,2200,77,2,2,29,20's,182,2587,77,red,9887,6140
1159,2,2,23,20's,187,2658,110,2,1,31,30's,190,2753,113,red,6094,5123
1160,2,2,27,20's,180,2375,65,6,0,30,30's,175,545,65,blue,6126,24963
1161,0,0,27,20's,182,2831,84,3,3,34,30's,190,1938,84,blue,0,8257
1162,4,1,27,20's,177,1531,65,4,0,30,30's,177,1069,65,red,3589,13429
1163,0,0,29,20's,177,2290,84,1,1,33,30's,177,2060,93,red,0,22
1164,1,1,35,30's,185,449,84,2,0,35,30's,190,1883,84,blue,107,5174
1165,0,0,34,30's,182,1944,77,0,0,26,20's,182,2037,84,blue,0,0
1166,0,0,26,20's,193,2146,65,0,0,25,20's,180,1936,65,red,0,0
1167,0,0,28,20's,193,1843,84,5,1,32,30's,185,1991,84,red,0,8971
1168,4,3,24,20's,175,2157,70,3,2,37,30's,182,2078,70,red,13744,8459
1169,0,0,27,20's,185,2602,77,3,0,36,30's,182,2174,77,red,0,10525
1170,2,2,33,30's,175,511,70,1,0,32,30's,187,663,77,red,7125,1805
1171,0,0,27,20's,185,2244,70,0,0,31,30's,180,2243,70,red,0,0
1172,0,0,32,30's,180,2231,70,3,0,27,20's,180,2179,70,blue,0,8602
1173,0,0,31,30's,182,2203,77,0,0,27,20's,182,1867,77,red,0,0
1174,2,0,29,20's,185,1546,84,1,0,36,30's,182,435,84,red,6667,199
1175,0,0,27,20's,182,2263,77,1,1,31,30's,175,2176,70,blue,0,2890
1176,3,2,26,20's,160,1966,61,3,1,35,30's,172,1689,61,blue,12649,5094
1177,3,2,29,20's,177,1481,70,3,1,28,20's,175,1595,70,red,4348,2517
1178,8,3,30,30's,187,2264,84,6,1,37,30's,182,372,84,blue,16338,10999
1179,1,0,32,30's,177,2762,70,0,0,26,20's,180,2706,70,blue,1786,0
1180,0,0,30,30's,177,2701,77,0,0,31,30's,182,2700,77,red,0,0
1181,1,0,31,30's,187,786,84,0,0,39,30's,182,653,84,blue,5607,0
1182,1,1,26,20's,182,2703,77,1,0,25,20's,180,2588,77,red,172,2769
1183,4,2,29,20's,175,1983,70,1,1,32,30's,177,524,70,blue,7911,2006
1184,5,3,27,20's,177,2168,70,2,0,33,30's,172,509,70,blue,8832,3148
1185,1,0,27,20's,185,2602,77,2,0,35,30's,187,455,77,red,2791,3049
1186,2,0,30,30's,175,545,65,3,0,30,30's,167,1907,65,blue,11425,8388
1187,2,1,28,20's,165,1504,56,1,1,24,20's,170,2126,61,blue,7729,4868
1188,6,0,33,30's,185,2205,93,2,0,27,20's,190,2281,93,red,14117,9616
1189,2,1,34,30's,185,2005,84,2,1,34,30's,182,1594,84,red,8610,7155
1190,4,1,34,30's,170,646,77,6,0,33,30's,187,1952,77,red,8958,17486
1191,3,3,25,20's,175,2070,84,3,1,34,30's,175,1386,77,red,9631,3049
1192,4,0,33,30's,170,2165,61,3,0,24,20's,167,2326,61,red,12054,8430
1193,4,0,30,30's,177,1711,70,5,3,28,20's,175,1595,70,blue,17919,4730
1194,0,0,28,20's,175,2843,61,5,0,34,30's,175,2221,61,red,0,9509
1195,2,0,30,30's,180,2230,65,1,1,29,20's,175,2289,65,blue,2111,4923
1196,2,0,27,20's,185,2790,93,1,0,32,30's,185,2623,93,blue,2426,709
1197,0,0,32,30's,187,2767,114,0,0,23,20's,187,2658,110,red,0,0
1198,3,1,38,30's,180,347,77,3,1,33,30's,185,2055,77,red,3977,9248
1199,0,0,35,30's,190,1547,77,0,0,33,30's,175,511,70,red,0,0
1200,0,0,30,30's,182,2124,77,0,0,33,30's,182,2080,77,blue,0,0
1201,2,2,27,20's,162,2589,61,5,1,36,30's,175,1706,61,blue,5231,11987
1202,4,0,30,30's,167,2099,61,4,0,36,30's,167,2022,61,red,13452,8529
1203,0,0,30,30's,170,2781,61,3,2,32,30's,167,1044,61,red,0,4031
1204,4,2,33,30's,190,1499,93,2,0,37,30's,187,1968,93,red,5831,9459
1205,0,0,31,30's,175,965,77,1,0,35,30's,180,471,77,red,0,8326
1206,0,0,33,30's,175,890,70,3,3,33,30's,185,1076,77,red,0,4652
1207,1,1,36,30's,195,2215,118,0,0,31,30's,190,970,118,red,3286,0
1208,1,0,33,30's,172,1864,65,1,0,28,20's,172,1990,65,blue,3891,526
1209,0,0,35,30's,172,460,70,1,0,30,30's,180,2036,70,red,0,4073
1210,1,0,25,20's,180,2172,77,0,0,37,30's,175,2127,77,blue,3089,0
1211,0,0,29,20's,175,2089,70,0,0,40,40's,175,283,70,blue,0,0
1212,4,1,37,30's,182,372,84,5,3,33,30's,182,2087,84,red,7674,8712
1213,4,4,39,30's,182,1866,84,3,3,37,30's,185,896,84,blue,13159,8583
1214,4,0,33,30's,172,1864,65,6,0,31,30's,180,2214,65,red,7950,23996
1215,0,0,34,30's,172,1954,65,0,0,28,20's,175,1595,70,red,0,0
1216,0,0,33,30's,187,1952,77,1,1,29,20's,190,2047,77,red,0,5232
1217,3,0,30,30's,180,2036,70,4,2,38,30's,175,1997,70,red,10345,13388
1218,4,3,38,30's,185,2245,84,5,2,30,30's,187,1550,84,red,7884,12222
1219,0,0,34,30's,175,2221,61,0,0,31,30's,165,1380,61,red,0,0
1220,5,1,30,30's,177,1711,70,2,2,28,20's,177,1919,70,red,18520,7874
1221,6,6,29,20's,190,2047,77,2,1,32,30's,190,2020,77,blue,22015,6612
1222,2,0,39,30's,187,2197,112,3,0,32,30's,190,2082,118,red,1745,2185
1223,0,0,37,30's,170,1060,61,0,0,32,30's,170,961,61,red,0,0
1224,1,1,40,40's,182,1015,119,0,0,43,40's,177,735,120,red,334,0
1225,0,0,31,30's,167,1737,65,3,2,33,30's,172,1864,65,blue,0,6955
1226,1,1,33,30's,187,507,93,1,0,35,30's,190,1883,84,blue,317,2434
1227,0,0,36,30's,187,1694,93,0,0,38,30's,180,1409,93,red,0,0
1228,1,1,28,20's,175,2057,70,1,1,28,20's,175,1595,70,blue,1370,842
1229,3,1,27,20's,182,2263,77,4,4,26,20's,180,2247,77,blue,11067,8893
1230,0,0,38,30's,175,361,65,0,0,35,30's,167,451,65,red,0,0
1231,2,1,27,20's,177,2322,70,2,2,29,20's,177,2313,70,red,1787,4406
1232,0,0,37,30's,172,2276,61,1,0,32,30's,172,2185,70,red,0,3156
1233,1,1,25,20's,170,2325,61,2,1,37,30's,170,1060,61,blue,4636,4039
1234,0,0,30,30's,167,2309,61,2,2,31,30's,167,1905,61,red,0,13463
1235,1,0,29,20's,175,1859,65,1,0,29,20's,170,1906,65,red,2681,699
1236,0,0,32,30's,172,1137,70,0,0,35,30's,165,438,61,blue,0,0
1237,0,0,33,30's,177,2060,93,0,0,43,40's,198,699,93,blue,0,0
1238,0,0,33,30's,170,2293,61,1,0,36,30's,167,2022,61,red,0,221
1239,1,1,27,20's,165,2235,61,0,0,27,20's,167,1511,61,red,2490,0
1240,1,0,32,30's,190,2200,77,2,0,30,30's,182,2124,77,red,2247,7684
1241,0,0,34,30's,180,2162,77,0,0,27,20's,185,2030,84,blue,0,0
1242,2,1,31,30's,170,2183,61,2,0,36,30's,172,2356,61,blue,7183,5581
1243,2,0,37,30's,170,1367,70,1,0,35,30's,177,648,70,red,5427,859
1244,0,0,37,30's,193,2605,120,2,0,34,30's,182,2083,112,red,0,2863
1245,6,0,38,30's,167,1170,61,7,0,37,30's,167,959,61,red,18452,23952
1246,0,0,33,30's,182,2087,84,0,0,28,20's,185,1835,84,blue,0,0
1247,4,0,25,20's,160,2079,52,2,0,34,30's,165,2341,52,blue,13543,7693
1248,1,1,35,30's,182,2291,77,1,1,26,20's,180,2247,77,red,1328,2621
1249,1,1,30,30's,177,1711,70,3,2,31,30's,180,1657,70,blue,4069,6171
1250,2,2,33,30's,187,502,77,3,3,33,30's,177,1655,77,blue,660,6593
1251,0,0,26,20's,182,2860,93,2,0,31,30's,185,1865,93,red,0,2156
1252,3,2,30,30's,187,2264,84,3,2,33,30's,185,1806,84,red,5440,8145
1253,0,0,31,30's,185,1965,84,1,0,32,30's,185,1991,84,red,0,174
1254,0,0,28,20's,177,2373,65,2,0,28,20's,172,1990,65,blue,0,3610
1255,0,0,31,30's,180,1657,70,1,1,33,30's,185,1076,77,red,0,1303
1256,2,1,28,20's,172,1340,70,2,1,31,30's,175,2073,70,no contest,8136,4136
1257,0,0,28,20's,180,2315,65,1,0,29,20's,177,1481,70,red,0,838
1258,1,1,34,30's,182,1944,77,1,1,37,30's,180,405,77,blue,743,1226
1259,0,0,32,30's,175,2193,65,0,0,29,20's,170,1993,65,red,0,0
1260,0,0,21,20's,162,2816,61,1,0,29,20's,172,2368,61,red,0,1277
1261,3,1,32,30's,190,2200,77,4,1,36,30's,182,2174,77,blue,8884,14268
1262,0,0,27,20's,182,2851,77,3,0,31,30's,187,1331,77,blue,0,6859
1263,0,0,30,30's,165,2336,65,0,0,25,20's,172,2335,65,red,0,0
1264,7,3,32,30's,185,1991,84,5,1,28,20's,185,2224,84,red,14923,16063
1265,3,2,33,30's,170,2165,61,4,0,36,30's,175,1706,61,red,8776,8652
1266,0,0,34,30's,180,2160,77,0,0,29,20's,190,2047,77,red,0,0
1267,0,0,40,40's,180,2226,77,0,0,35,30's,185,2227,77,red,0,0
1268,3,2,25,20's,182,2329,77,1,1,29,20's,182,2587,77,red,6405,1761
1269,1,0,33,30's,177,878,77,2,0,32,30's,185,2225,77,red,894,3295
1270,5,0,31,30's,162,2350,52,3,1,29,20's,154,2338,52,blue,16888,10158
1271,0,0,33,30's,167,1861,61,0,0,31,30's,167,1905,61,red,0,0
1272,3,0,33,30's,187,507,93,3,0,38,30's,185,368,84,red,4425,7729
1273,1,0,38,30's,190,2810,93,1,0,36,30's,180,2752,106,blue,3089,325
1274,3,2,27,20's,185,2122,84,2,1,27,20's,185,2030,84,blue,14354,5853
1275,3,3,26,20's,165,2103,56,2,2,30,30's,160,1495,56,red,9301,4842
1276,2,1,30,30's,175,2330,65,1,1,24,20's,180,2362,65,red,6003,4154
1277,1,1,34,30's,170,1179,61,2,1,32,30's,167,1044,61,red,4056,1142
1278,7,7,33,30's,185,1076,77,5,4,32,30's,175,532,70,red,20594,17920
1279,4,4,38,30's,193,367,109,4,1,34,30's,193,1852,109,red,6360,20712
1280,8,2,31,30's,187,786,84,3,0,39,30's,182,295,84,blue,22079,1766
1281,3,0,29,20's,185,1926,84,5,0,29,20's,185,1546,84,red,1228,12816
1282,1,1,29,20's,185,1985,70,0,0,32,30's,177,524,70,red,5116,0
1283,0,0,29,20's,190,2763,104,1,0,37,30's,193,2605,120,blue,0,221
1284,6,1,29,20's,180,2469,77,1,1,30,30's,177,2042,70,blue,13355,4315
1285,6,1,33,30's,190,1499,93,2,2,29,20's,193,549,93,red,12273,15066
1286,1,0,33,30's,182,197,70,0,0,33,30's,177,514,70,red,3981,0
1287,0,0,36,30's,182,2102,70,0,0,34,30's,177,1986,70,red,0,0
1288,0,0,27,20's,182,2254,65,2,2,24,20's,180,2362,65,red,0,7131
1289,0,0,25,20's,182,2876,84,2,0,34,30's,185,2428,84,blue,0,5317
1290,3,1,36,30's,182,432,77,4,3,39,30's,185,326,77,red,7355,17184
1291,4,2,27,20's,177,2168,70,5,0,31,30's,172,1976,70,blue,6827,12735
1292,1,0,39,30's,175,768,77,6,0,33,30's,175,947,84,red,1840,30260
1293,0,0,26,20's,190,2739,77,3,0,27,20's,193,2323,77,blue,0,4420
1294,4,2,25,20's,175,2166,56,4,2,28,20's,177,2274,56,blue,15321,11716
1295,2,1,30,30's,172,2371,56,4,0,28,20's,165,1504,56,red,3511,16015
1296,0,0,31,30's,162,2084,56,0,0,26,20's,160,1966,61,blue,0,0
1297,0,0,31,30's,170,2318,56,1,1,31,30's,170,2220,61,red,0,1807
1298,1,1,33,30's,190,1499,93,0,0,33,30's,187,503,93,red,339,0
1299,1,1,32,30's,180,2316,70,2,0,37,30's,175,1061,70,blue,3685,5345
1300,4,4,34,30's,182,1944,77,4,0,27,20's,182,1176,77,blue,7376,15016
1301,2,2,32,30's,190,2082,118,1,1,38,30's,190,1163,120,red,2070,1434
1302,1,1,32,30's,172,1184,61,0,0,34,30's,165,1039,61,red,1565,0
1303,0,0,30,30's,177,2232,61,0,0,30,30's,167,2191,61,red,0,0
1304,2,0,29,20's,167,2143,56,1,0,26,20's,162,2253,56,blue,1494,2674
1305,2,1,27,20's,172,1979,61,5,0,35,30's,172,1689,61,blue,5637,9581
1306,2,0,30,30's,177,1683,70,4,2,28,20's,175,1595,70,red,8482,3561
1307,6,2,29,20's,180,2297,77,4,2,27,20's,182,2263,77,blue,16228,16138
1308,0,0,34,30's,177,1910,61,0,0,32,30's,167,1044,61,no contest,0,0
1309,3,0,31,30's,170,2220,61,2,0,36,30's,170,2332,56,red,9908,5283
1310,0,0,31,30's,185,2861,93,5,0,36,30's,195,2215,118,blue,0,8384
1311,2,1,32,30's,177,669,77,3,1,30,30's,177,942,77,blue,6848,14382
1312,0,0,29,20's,175,1859,65,0,0,30,30's,167,1907,65,red,0,0
1313,2,1,27,20's,177,2001,70,1,1,27,20's,177,2502,70,red,6142,1852
1314,1,1,29,20's,175,2130,77,3,3,29,20's,190,2047,77,red,4531,10270
1315,0,0,26,20's,180,2737,77,2,1,37,30's,185,1549,77,blue,0,1770
1316,3,0,34,30's,170,646,77,4,4,29,20's,185,2269,77,blue,5278,12427
1317,3,3,30,30's,162,2299,56,3,3,31,30's,165,2011,56,blue,13440,6829
1318,1,0,27,20's,185,2122,84,1,0,34,30's,187,2058,84,blue,1653,2615
1319,0,0,33,30's,180,2101,70,0,0,31,30's,172,1675,70,blue,0,0
1320,2,2,31,30's,160,1347,52,4,0,24,20's,165,2344,52,red,4472,10893
1321,1,1,35,30's,190,2424,106,8,3,32,30's,190,2082,118,red,3784,11254
1322,0,0,42,40's,187,219,99,2,0,37,30's,187,375,109,blue,0,3939
1323,6,1,31,30's,190,1742,93,3,1,35,30's,185,457,93,red,16042,6720
1324,6,4,27,20's,177,2168,70,2,2,30,30's,177,1711,70,blue,12846,8221
1325,3,3,34,30's,182,1944,77,3,1,33,30's,175,947,84,blue,6330,21481
1326,1,1,32,30's,165,1935,61,2,0,30,30's,167,1527,65,red,1202,7935
1327,1,0,32,30's,187,1189,93,1,0,37,30's,187,1968,93,blue,4239,7157
1328,2,0,34,30's,170,2571,61,0,0,29,20's,172,2852,61,red,6252,0
1329,0,0,37,30's,185,1549,77,0,0,37,30's,180,405,77,red,0,0
1330,0,0,33,30's,162,2152,56,1,1,31,30's,165,2011,56,red,0,837
1331,2,1,34,30's,177,2287,70,3,1,38,30's,175,1997,70,red,4022,8865
1332,2,1,36,30's,167,2022,61,2,2,30,30's,167,1317,61,red,4759,7520
1333,0,0,30,30's,172,2371,56,3,1,33,30's,167,2007,56,red,0,5993
1334,1,1,30,30's,170,2164,65,0,0,31,30's,162,1913,61,blue,2968,0
1335,2,1,28,20's,180,2778,77,3,2,25,20's,180,2588,77,red,8848,5650
1336,2,2,28,20's,165,2505,56,5,3,25,20's,175,2166,56,red,2150,17710
1337,2,1,32,30's,175,2193,65,2,0,27,20's,185,2242,65,blue,4715,476
1338,0,0,28,20's,157,2275,52,0,0,28,20's,162,2277,52,red,0,0
1339,4,0,29,20's,175,2130,77,5,0,41,40's,182,870,77,blue,14833,11647
1340,0,0,31,30's,185,2735,70,0,0,28,20's,175,2734,70,red,0,0
1341,0,0,23,20's,167,2118,56,0,0,28,20's,177,1755,65,red,0,0
1342,2,0,30,30's,187,1550,84,2,2,37,30's,185,896,84,red,7073,7870
1343,4,0,26,20's,190,2233,109,1,0,39,30's,187,2155,109,red,12032,3165
1344,6,0,28,20's,165,1504,56,4,0,31,30's,165,2011,56,red,24140,10234
1345,3,1,36,30's,193,808,120,2,0,40,40's,182,1015,119,blue,7003,2279
1346,0,0,26,20's,193,2740,84,1,1,30,30's,190,2608,93,red,0,1580
1347,3,0,28,20's,182,2216,65,1,0,30,30's,175,2729,70,blue,9088,2460
1348,1,0,32,30's,175,2158,70,3,0,30,30's,177,1683,70,blue,3444,9293
1349,1,1,34,30's,170,2256,56,0,0,39,30's,170,2149,52,blue,2328,0
1350,0,0,29,20's,182,2104,77,0,0,28,20's,180,2015,77,red,0,0
1351,1,0,35,30's,167,2576,65,2,0,37,30's,172,374,65,red,2887,4910
1352,1,0,27,20's,177,2322,70,1,0,37,30's,172,2353,77,blue,572,2467
1353,1,1,33,30's,170,1051,61,0,0,32,30's,172,1057,61,red,4852,0
1354,0,0,24,20's,177,2795,65,2,0,30,30's,175,2729,70,red,0,5635
1355,0,0,31,30's,187,786,84,0,0,38,30's,185,346,84,red,0,0
1356,3,2,28,20's,165,1504,56,0,0,32,30's,162,911,56,red,11845,0
1357,1,0,36,30's,182,2102,70,0,0,28,20's,175,2236,70,red,2523,0
1358,6,0,28,20's,175,2057,70,3,2,31,30's,182,538,77,blue,9955,11728
1359,1,1,30,30's,175,545,65,0,0,33,30's,172,1050,65,red,4004,0
1360,0,0,31,30's,160,2678,52,2,1,31,30's,162,2350,52,blue,0,7226
1361,3,3,31,30's,160,2678,52,6,6,29,20's,167,2280,52,red,14150,30413
1362,0,0,23,20's,182,2772,77,2,2,34,30's,182,1992,77,draw,0,6391
1363,4,0,37,30's,175,1061,70,1,1,32,30's,172,1137,70,red,10566,4080
1364,5,4,34,30's,182,1594,84,5,4,26,20's,182,2037,84,red,19179,12082
1365,0,0,35,30's,172,937,70,1,0,32,30's,175,532,70,red,0,2485
1366,2,0,26,20's,190,2739,77,1,1,31,30's,182,2700,77,blue,4619,3495
1367,2,0,34,30's,170,1179,61,0,0,26,20's,175,1650,61,red,7717,0
1368,6,1,23,20's,162,2217,56,5,1,31,30's,165,2011,56,blue,17658,13677
1369,0,0,32,30's,190,2766,84,2,0,28,20's,190,2364,84,red,0,2912
1370,0,0,27,20's,185,2863,93,8,0,33,30's,190,1499,93,blue,0,19550
1371,0,0,33,30's,190,2270,84,0,0,29,20's,185,2269,77,red,0,0
1372,2,1,34,30's,182,1827,84,2,0,34,30's,182,485,84,red,3893,2828
1373,0,0,28,20's,182,1462,77,7,1,33,30's,187,1952,77,red,0,19044
1374,1,0,38,30's,180,1918,70,3,0,33,30's,180,1871,70,blue,3258,7902
1375,7,6,26,20's,182,2037,84,6,2,37,30's,185,896,84,blue,17640,14603
1376,0,0,31,30's,160,1347,52,1,0,33,30's,154,2348,52,blue,0,4270
1377,1,1,35,30's,187,1922,93,0,0,33,30's,190,1499,93,red,407,0
1378,1,1,35,30's,182,2186,77,0,0,41,40's,177,914,77,blue,1320,0
1379,0,0,29,20's,175,2307,77,0,0,33,30's,187,502,77,red,0,0
1380,2,1,32,30's,175,532,70,2,2,33,30's,175,1066,77,blue,4584,9254
1381,1,1,27,20's,165,2134,56,1,1,28,20's,165,2505,56,red,1756,1273
1382,5,1,30,30's,177,1069,65,9,9,25,20's,180,1936,65,red,16323,31005
1383,0,0,38,30's,160,2346,52,0,0,29,20's,157,2342,52,red,0,0
1384,3,2,32,30's,162,2095,56,2,2,31,30's,165,2011,56,red,8559,4009
1385,4,0,28,20's,172,1340,70,1,1,33,30's,175,2558,70,blue,8902,3769
1386,4,1,28,20's,177,2268,77,5,0,29,20's,180,2469,77,red,6998,8751
1387,0,0,24,20's,177,2724,65,3,1,38,30's,170,750,65,red,0,5975
1388,2,2,25,20's,172,2369,61,4,4,25,20's,170,2325,61,blue,5207,8721
1389,5,2,24,20's,170,2126,61,4,1,30,30's,167,2191,61,red,17100,5965
1390,0,0,32,30's,182,2733,84,5,0,27,20's,187,2246,84,red,0,12334
1391,1,1,26,20's,185,2204,77,1,1,28,20's,198,2064,84,blue,391,1801
1392,0,0,28,20's,165,1504,56,0,0,33,30's,167,2007,56,red,0,0
1393,0,0,28,20's,190,2302,84,1,1,34,30's,190,1938,84,red,0,2483
1394,0,0,28,20's,175,2223,70,0,0,30,30's,177,2222,70,red,0,0
1395,1,1,32,30's,180,2019,70,0,0,33,30's,175,2145,70,blue,3541,0
1396,3,2,35,30's,165,2279,52,2,0,29,20's,154,2338,52,red,12129,5929
1397,2,1,27,20's,182,2159,70,2,1,37,30's,182,2078,70,red,3351,6974
1398,1,0,29,20's,167,2143,56,1,1,26,20's,165,2103,56,red,759,4212
1399,5,0,38,30's,170,750,65,4,1,33,30's,172,1050,65,red,12936,15354
1400,1,1,27,20's,177,1531,65,1,1,33,30's,180,733,65,blue,659,3736
1401,4,0,37,30's,190,377,119,4,1,43,40's,177,735,120,red,6308,8074
1402,6,2,32,30's,180,2316,70,8,6,38,30's,175,1997,70,red,20428,26204
1403,0,0,30,30's,180,2829,93,1,1,31,30's,185,1865,93,blue,0,1885
1404,1,1,32,30's,180,2231,70,2,0,35,30's,172,460,70,blue,3204,2757
1405,2,0,38,30's,172,1824,70,0,0,33,30's,177,510,70,red,8239,0
1406,2,2,32,30's,175,1744,65,4,0,35,30's,172,2317,65,blue,2836,16731
1407,2,2,28,20's,175,2734,70,2,1,25,20's,175,2784,70,blue,3477,2826
1408,0,0,26,20's,185,2204,77,0,0,33,30's,190,2067,84,blue,0,0
1409,2,0,30,30's,167,2260,61,2,0,30,30's,180,2138,61,blue,5600,5054
1410,0,0,27,20's,180,2375,65,2,0,34,30's,175,2123,65,blue,0,449
1411,1,0,26,20's,170,2257,70,1,0,31,30's,175,542,70,red,1790,3058
1412,9,0,33,30's,187,1952,77,8,0,29,20's,180,2469,77,red,22552,17266
1413,3,3,36,30's,167,2304,61,4,0,37,30's,167,959,61,red,9670,11165
1414,4,4,30,30's,187,2105,120,4,0,40,40's,182,1015,119,red,12354,11188
1415,0,0,29,20's,193,2834,93,2,2,27,20's,190,2768,93,blue,0,5401
1416,1,0,36,30's,185,1390,93,5,0,33,30's,190,1499,93,red,1741,7851
1417,0,0,32,30's,187,2794,93,0,0,28,20's,190,2793,93,blue,0,0
1418,1,0,37,30's,165,2462,56,1,0,30,30's,157,2801,56,red,3675,341
1419,1,0,32,30's,165,2577,61,3,0,30,30's,172,2308,61,red,3612,2591
1420,0,0,35,30's,160,2351,52,1,0,25,20's,162,2306,52,red,0,4469
1421,5,0,34,30's,200,1515,115,4,0,39,30's,193,308,104,red,13194,13974
1422,0,0,25,20's,187,2842,77,3,1,26,20's,190,2739,77,red,0,6264
1423,2,0,36,30's,190,1810,84,0,0,34,30's,187,2058,84,blue,3878,0
1424,1,1,35,30's,190,2803,84,1,1,29,20's,185,2844,84,red,4642,1057
1425,2,0,27,20's,175,2153,65,1,0,30,30's,175,2330,65,red,3378,2611
1426,5,4,27,20's,185,2122,84,6,1,35,30's,185,449,84,blue,18856,14519
1427,4,2,34,30's,175,1386,77,5,4,35,30's,180,471,77,blue,6532,30877
1428,0,0,25,20's,180,2172,77,0,0,34,30's,187,2051,84,red,0,0
1429,2,2,25,20's,170,2655,65,3,1,30,30's,175,2729,70,red,2135,9436
1430,1,0,25,20's,175,2484,70,6,0,32,30's,177,524,70,red,2828,13731
1431,0,0,30,30's,172,2314,70,0,0,29,20's,177,2313,70,red,0,0
1432,1,1,27,20's,177,2168,70,1,1,28,20's,180,1814,70,red,554,4205
1433,1,0,25,20's,167,2311,56,1,0,31,30's,170,2318,56,blue,3000,3601
1434,0,0,26,20's,172,2154,65,0,0,31,30's,170,2183,61,blue,0,0
1435,3,0,40,40's,182,1015,119,0,0,39,30's,190,328,113,red,5618,0
1436,0,0,28,20's,177,2268,77,0,0,31,30's,175,2176,70,red,0,0
1437,3,0,38,30's,172,721,70,5,0,33,30's,172,509,70,red,6546,9712
1438,5,4,33,30's,185,1806,84,6,0,32,30's,182,2069,84,blue,10306,13005
1439,0,0,27,20's,187,2246,84,0,0,38,30's,185,2245,84,blue,0,0
1440,2,1,36,30's,187,1694,93,0,0,35,30's,193,472,93,blue,2711,0
1441,3,3,30,30's,187,2105,120,2,1,29,20's,213,649,120,blue,8882,4434
1442,2,1,28,20's,177,2268,77,3,2,24,20's,175,2157,70,red,5709,13032
1443,1,1,33,30's,175,511,70,2,2,27,20's,182,1867,77,blue,5530,4491
1444,0,0,30,30's,187,2156,77,0,0,36,30's,185,2100,77,red,0,0
1445,1,0,34,30's,193,1161,111,1,0,34,30's,200,1515,115,red,1018,5826
1446,4,0,30,30's,187,2061,93,0,0,31,30's,185,1865,93,red,10882,0
1447,5,0,36,30's,187,1694,93,0,0,36,30's,185,1390,93,blue,14027,0
1448,0,0,35,30's,175,2175,70,0,0,29,20's,170,2012,70,blue,0,0
1449,3,3,29,20's,170,1993,65,5,2,32,30's,177,1486,65,red,1863,21454
1450,0,0,29,20's,170,2035,65,1,1,27,20's,185,2242,65,blue,0,120
1451,1,1,46,40's,180,129,84,1,1,38,30's,180,1409,93,red,2320,742
1452,1,0,32,30's,185,2225,77,1,0,28,20's,182,2209,77,red,320,2670
1453,0,0,21,20's,182,2628,70,2,0,35,30's,175,2175,70,blue,0,6612
1454,0,0,33,30's,165,2133,61,0,0,30,30's,180,2138,61,blue,0,0
1455,1,1,38,30's,170,1860,61,3,3,27,20's,170,2177,61,red,1031,12231
1456,0,0,22,20's,165,2759,52,2,0,25,20's,170,2465,52,red,0,3932
1457,1,1,24,20's,172,2359,61,0,0,31,30's,172,2137,61,red,1240,0
1458,0,0,33,30's,187,507,93,0,0,32,30's,185,1991,84,blue,0,0
1459,1,1,37,30's,175,1061,70,1,1,33,30's,180,1815,70,red,1110,1597
1460,0,0,30,30's,170,1494,65,6,2,30,30's,167,1907,65,blue,0,19147
1461,0,0,30,30's,170,2749,65,3,0,30,30's,175,2330,65,red,0,10101
1462,1,1,32,30's,185,522,65,4,4,25,20's,180,1936,65,red,2050,13341
1463,0,0,35,30's,170,1177,65,4,0,32,30's,185,522,65,blue,0,11043
1464,4,4,25,20's,172,2369,61,3,3,32,30's,172,1057,61,blue,6541,14627
1465,0,0,30,30's,157,2801,56,5,1,32,30's,162,2095,56,red,0,16101
1466,0,0,32,30's,177,2726,65,0,0,30,30's,175,2729,70,blue,0,0
1467,3,0,32,30's,180,2019,70,2,1,32,30's,177,2762,70,red,8667,2722
1468,0,0,29,20's,167,2280,52,0,0,35,30's,165,2279,52,blue,0,0
1469,0,0,32,30's,162,2135,56,0,0,28,20's,177,2274,56,red,0,0
1470,1,1,32,30's,172,1057,61,4,4,31,30's,167,1905,61,blue,754,27907
1471,3,2,37,30's,190,377,119,3,3,38,30's,193,367,109,red,3036,3134
1472,0,0,26,20's,172,2355,61,0,0,27,20's,167,2354,61,red,0,0
1473,2,1,26,20's,165,2610,56,3,0,31,30's,162,2084,56,red,3975,9455
1474,3,2,36,30's,187,1694,93,1,1,27,20's,187,2246,84,blue,8059,3613
1475,3,1,31,30's,167,2339,52,4,0,34,30's,170,2256,56,blue,12142,17472
1476,2,1,31,30's,187,786,84,1,1,37,30's,185,896,84,red,6787,3803
